{"errors": [0.0740474567224981, 0.07487543580594254, 0.07548459246604335, 0.07649354382334415, 0.0799149092203102, 0.08170744340190758, 0.08198414360610835, 0.08233898503557438, 0.0833713969677331, 0.08480845795894427, 0.08811901083005086, 0.08858957609076985, 0.0886775084650061, 0.08880405357361897, 0.1001669258875991, 0.1022671701102608, 0.10319012966977567, 0.10447158795940048, 0.11174983961225582, 0.12258317143000592], "velocities": [18.832201268498952, 18.936330655391128, 18.878054122621574, 19.06780211416491, 19.0823712473573, 18.970208879492603, 18.981385200845672, 18.492620718816074, 19.111010570824526, 18.337000422832986, 18.642752642706135, 18.106688372093025, 18.91128372093024, 18.911882452431296, 18.033393657505293, 17.544728964059203, 20.278786469344613, 20.42158393234673, 20.429616913319244, 18.182028752642715]}