{"errors": [-20.693315944349735, -20.146259032656758, -20.136323208188028, -16.50864061019421, -6.523525832904345, -6.363091043188547, 0.22865240746138601, 0.7410998741604684, 0.853921107172134, 0.9010533419602529, 0.9364332310744016, 0.9401132044318516, 0.9648893696535847, 0.970044037548711, 0.9867393710522651, 0.9874427674005873, 0.9910561528211336, 1.0029999999999943, 1.0394212758174626, 1.0408801161831667], "velocities": [-10.130295492742546, -9.51348632543926, -9.50861848739496, -9.900209014514893, -9.170249656226128, -8.900030557677614, -26.63854056531702, -28.846740641711246, -26.58412895339953, -26.03720030557678, -25.187816653934288, -25.78829152024445, -25.565236363636362, -25.9795434682964, -22.49189977081741, -43.30623320158107, -25.828965011459108, -15.93000000000002, -20.898818640183336, -23.168312910618795]}