{"errors": [0.10247489380022101, 0.10915192557408249, 0.10937644705551135, 0.10965828368289068, 0.11354747417032761, 0.11886871798540806, 0.12109659479817292, 0.12176692220246878, 0.12433166810214599, 0.12723637815984498, 0.1322037451217416, 0.13986975481797348, 0.1424429535225195, 0.14511844014747324, 0.16950825818134027, 0.17301427219278684, 0.19784537497769142, 0.21451711752459413, 0.23550769633994212, 0.25414685497454514], "velocities": [38.20397781015927, 38.07602832528056, 38.082291586778126, 37.94104864892502, 38.12792392054606, 38.17304496766112, 38.180202980801184, 38.06030626070507, 36.91655801825293, 37.630058542321756, 38.07334407035304, 37.417235473067976, 37.45021346217757, 37.572027507221925, 39.94107421325767, 36.81289464938517, 40.009075338088294, 40.01265434465832, 36.53552164020759, 35.344862847355365]}