{"15pa": {"F_i": 4.3843891523988076e-14, "F_e": -5.4482777581110666e-14, "n_d": 100000000000.0}, "20pa": {"F_i": 3.232710163349055e-14, "F_e": -5.172476281307208e-14, "n_d": 100000000000.0}, "25pa": {"F_i": 2.534087280003643e-14, "F_e": -4.953957675381811e-14, "n_d": 100000000000.0}, "30pa": {"F_i": 2.0808643743031968e-14, "F_e": -4.786670270037517e-14, "n_d": 100000000000.0}, "40pa": {"F_i": 1.5588244622938245e-14, "F_e": -4.581801222213376e-14, "n_d": 100000000000.0}}