{"15pa": {"F_i": 5.782795345244193e-14, "F_e": -7.264850809426405e-14, "n_d": 65000000000.0}, "20pa": {"F_i": 3.5307170547456034e-14, "F_e": -4.91901131596758e-14, "n_d": 150000000000.0}, "25pa": {"F_i": 2.876599316890243e-14, "F_e": -4.5476313625889866e-14, "n_d": 190000000000.0}, "30pa": {"F_i": 2.406127164552969e-14, "F_e": -4.246647958850406e-14, "n_d": 229999999999.99997}, "40pa": {"F_i": 1.025918954975658e-14, "F_e": -3.017748600147792e-14, "n_d": 250000000000.0}}