{"15pa": {"F_i": 6.181610755284868e-14, "F_e": -5.4482777581110666e-14, "n_d": 200000000000.0}, "20pa": {"F_i": 4.502530327079882e-14, "F_e": -5.172476281307208e-14, "n_d": 200000000000.0}, "25pa": {"F_i": 3.4886723913728474e-14, "F_e": -4.953957675381811e-14, "n_d": 200000000000.0}, "30pa": {"F_i": 2.8338258084817467e-14, "F_e": -4.786670270037517e-14, "n_d": 200000000000.0}, "40pa": {"F_i": 2.0831467079627502e-14, "F_e": -4.581801222213376e-14, "n_d": 200000000000.0}}