{"errors": [0.5976434506420912, 0.6304029260873887, 0.6351127228823908, 0.6683520043154175, 0.6930856717124428, 0.7085613801923067, 0.7209723811045667, 0.7349591115754902, 0.7529529461969422, 0.7649717647456604, 0.767626671943851, 0.7847185116642921, 0.7988463316386052, 0.8001725220856669, 0.8584657632782017, 0.8762451251256443, 0.9665496846313778, 0.9823027468151043, 1.0352878101368883, 1.1105032392036267], "velocities": [53.44705882352939, 53.70388235294113, 53.499117647058796, 54.070029411764686, 54.14811764705878, 54.11861764705879, 53.89649999999998, 52.43052352941181, 51.59133529411766, 54.207117647058794, 51.52365882352945, 53.548747058823565, 51.20297647058827, 55.29514705882352, 56.695529411764696, 56.73023529411761, 44.586610526315795, 45.14928421052632, 45.80635789473684, 46.106216718266246]}