{"errors": [-0.04201496311047266, -0.032656144746524327, -0.028748218724628294, -0.01293838743686584, 0.04520110068808504, 0.07421057059163484, 0.105162602972413, 0.10540107662792829, 0.10741196169056544, 0.10849201899885522, 0.11087869810547003, 0.11150356858994, 0.11803919374772351, 0.14488758407902544, 0.14812975562305536, 0.15492430911742247, 0.1652076047337298, 0.1654694113577148, 0.17658857628340383, 0.22167638924192265], "velocities": [0.17434729064039417, 0.1488702791461413, 0.13630788177339903, 0.06950410509031213, -0.5723522167487679, -0.5138842364532008, -28.15494, -27.612933333333338, -27.517710000000008, -26.832630000000005, -27.87033333333334, -27.888300000000005, -27.706800000000005, -27.62965333333333, -27.58418666666667, -26.425653913043483, -26.98971000000001, -26.15780869565219, -27.48650666666667, -25.312678695652192]}