{"15pa": {"F_i_exp": 5.782795345244185e-14, "F_e_exp": -7.264850809426401e-14, "n_d": 65000000000.0}, "20pa": {"F_i_exp": 3.530717054745595e-14, "F_e_exp": -4.9190113159675754e-14, "n_d": 150000000000.0}, "25pa": {"F_i_exp": 2.876599316890247e-14, "F_e_exp": -4.5476313625889904e-14, "n_d": 190000000000.0}, "30pa": {"F_i_exp": 2.4061271645529696e-14, "F_e_exp": -4.246647958850407e-14, "n_d": 229999999999.99997}, "40pa": {"F_i": 1.0259189549756595e-14, "F_e": -3.0177486001477936e-14, "n_d": 250000000000.0}}