{"15pa": {"F_i": 5.782795345244185e-14, "F_e": -7.264850809426401e-14, "n_d": 65000000000.0}, "20pa": {"F_i": 3.3935944880906404e-14, "F_e": -4.9932076809917875e-14, "n_d": 150000000000.0}, "25pa": {"F_i": 2.7908897547062685e-14, "F_e": -4.6058028914194946e-14, "n_d": 190000000000.0}, "30pa": {"F_i": 2.3480662766257057e-14, "F_e": -4.293935042253229e-14, "n_d": 229999999999.99997}, "40pa": {"F_i": 9.977013301806651e-15, "F_e": -3.0466627975308934e-14, "n_d": 250000000000.0}}