{"errors": [0.8027109776062394, 0.9510029612290049, 0.9882353658570492, 1.0290390267499816, 1.0414699808649819, 1.0563174444501615, 1.2008763762468124, 1.588857091592436, 1.60451477185721, 1.6191714108618824], "velocities": [57.91046680877191, 55.613501376213264, 57.668163600367, 70.76946696143453, 57.894635182770784, 65.04432683504167, 63.737969228020816, 63.665519731532214, 66.50949407416842, 53.591606133978935]}