{"errors": [0.12218650115537046, 0.13027356161213974, 0.13095688407355452, 0.13118498697024025, 0.13266162591375233, 0.13472141186452283, 0.13781306490195483, 0.15525199138184712, 0.16274513051747674, 0.16365566815595314, 0.17388481886882662, 0.20983899298149872, 0.21290760360310274, 0.21521450833594527, 0.21741898298825, 0.2288712428338467, 0.2457298826721246, 0.25600016762624417, 0.26119731908404037, 0.2635490529360386], "velocities": [28.45271417004049, 28.31197408906883, 28.304808097165996, 28.332898785425105, 28.297355465587046, 28.29004615384615, 28.278150607287458, 25.631606477732802, 28.60506315789474, 28.919363562753038, 25.875250202429154, 25.293085020242916, 27.763345748987856, 27.580756275303642, 27.64568016194332, 21.838131092436985, 27.534463967611337, 27.51239271255061, 27.161402429149803, 27.264306072874497]}