{"errors": [0.4675589781843885, 0.4765790608061494, 0.49298276966577725, 0.5018333439065161, 0.5261512563703625, 0.5316003512525578, 0.5481011911839497, 0.5516329463078887, 0.5539606450949416, 0.5539993741597539, 0.5854138742132464, 0.5988405749918004, 0.6030015595733956, 0.6225709872811225, 0.7345663748427116, 0.8039729564345571, 0.8377462270592575, 0.8477507299335516, 0.8736517044765312, 0.9925582802522444], "velocities": [75.84254811323602, 75.73066784494998, 75.6036813801021, 76.43971494607088, 75.41689447785676, 77.1226307636231, 74.12147721059694, 75.58838635608326, 77.17283754796216, 77.19502477416233, 78.12452793135743, 75.75020581562691, 74.9065974120649, 76.3434129429892, 71.99253816728977, 72.54285576319477, 71.36470293420813, 69.35426918170221, 70.8676603376576, 68.6754551161331]}