{"errors": [0.24950473666795062, 0.249646467751347, 0.2511776667289957, 0.2684866352970365, 0.2688843948852605, 0.271607700204855, 0.2747574036888391, 0.28588146136458303, 0.30332290364810177, 0.5844894451194858, 0.6196000767803372, 0.7755281685909369, 0.8149993438635739, 0.8418497679155611, 0.8646220147098889, 1.2874191096289826, 1.3919309059350307, 3.8406272830850954, 6.421742827102879, 11.101499053343494], "velocities": [-51.848981893753205, -57.0375829034635, -56.96891538822269, -57.047817898960076, -55.40758676351895, -51.89157571632786, -57.12616213721591, -54.179741556564615, -52.57489907314016, -57.53684036080182, -49.375227811190136, -53.80706691682303, -32.8726640591047, -56.190707115676126, -33.54693718516042, -43.84049723032775, -29.317998385794905, -40.36979969183352, -31.450094161958443, -21.67070217917693]}