{"errors": [0.16438901321616545, 0.16540345703275727, 0.17274694602060625, 0.18072376460536743, 0.18197848452548435, 0.18337914431059135, 0.18572118754401531, 0.19027217388957457, 0.19933747297549018, 0.20107172301155282, 0.2018059522751754, 0.20328409699227976, 0.2237252452563469, 0.2241979530232962, 0.23622886656376496, 0.24706431623990643, 0.26037953491923077, 0.27070801784831644, 0.29329700295375516, 0.3288870479038556], "velocities": [-51.056264827451315, -51.22767220224851, -51.28035806001912, -51.57089457936921, -51.319451847114166, -51.02774110609094, -51.98117168456155, -51.42600473588637, -51.49114822923581, -52.15283301308244, -51.959771239432285, -51.90192081781467, -52.95459908507554, -54.88297013720744, -53.63933839507125, -54.23328653495296, -52.4147736331938, -57.662951947539995, -48.37367384537198, -49.17787089197383]}