{"errors": [1.4984184411059893, 1.516255331779564, 1.5177582575151025, 1.5187962226408152, 1.5197326619370517, 1.525607422011715, 1.5325921252017705, 1.5370962300539102, 1.5453649160640806, 1.632147319618691, 1.641084228325062, 1.660190818099917, 1.6645524085355814, 1.7263616913482298, 1.7679124257908578, 1.8412904191945925, 1.8436801828009806, 1.9535247736153876, 2.0265067158034737, 2.04296485543673], "velocities": [96.39167142857143, 98.06052857142856, 98.27292857142857, 98.79381428571428, 98.4474, 96.09582857142857, 95.3574857142857, 98.47579780219779, 97.60908131868132, 94.92762857142858, 94.30812857142857, 102.40714285714286, 93.85668131868134, 100.07579999999997, 88.23702857142858, 86.54541428571427, 50.44934736842105, 47.6484, 79.55274725274725, 97.69232967032967]}