{"errors": [0.49602040429967176, 0.5120453948117843, 0.5205433110629643, 0.5868385798530114, 0.6026615014550233, 0.626563819676689, 0.6661721248521392, 0.6761724257970274, 0.7908175421799947, 0.8242130073761902, 0.829406671147845, 0.9151756988595748, 1.4170566743016837, 4.463756102105704, 5.383207059447774, 6.47821991295603, 9.319069271890191, 97.39121368695112], "velocities": [-53.936593240024415, -53.24022126419812, -53.42501820901983, -52.671804563081935, -47.641931927793856, -51.17103683143366, -50.97885785153248, -51.580985846178066, -49.18748400559064, -46.3498297210575, -46.63477627512352, -44.28138349180101, -82.44172650952316, -138.71718178796934, -135.6487086359967, -144.63432048177813, -173.12137015526844, -97.60484627987375]}