{"errors": [0.07414096999981093, 0.07424730788298625, 0.07902720066628603, 0.08009426243658775, 0.08576928756623871, 0.08666184122297965, 0.0894694665537172, 0.0913419130390358, 0.09214060409528008, 0.09238201748924807, 0.09312391191317948, 0.09517939968220851, 0.10106979013574957, 0.10991059716628009, 0.12932437994201162, 0.1317076682111114, 0.1380144255878538, 0.14220051503899936, 0.15291957970831047, 0.15640156995420101], "velocities": [20.78376958525346, 20.792266129032264, 20.93290092165899, 20.52353744239632, 20.04343703256024, 19.452269245297266, 21.46662794918331, 19.073586206896557, 18.737462068965524, 18.779213793103455, 21.076599175824178, 20.726740783410143, 18.227237749546283, 18.302855172413796, 19.209347512864497, 12.910701259227089, 12.875972247918593, 13.335601172383846, 18.417476536042567, 16.599828566549984]}