{"errors": [0.07996064537407326, 0.08080161934311127, 0.08098944856611259, 0.08203850349563806, 0.08343890251925627, 0.0849922132499014, 0.08515379746791844, 0.0854783117639082, 0.08567548142015587, 0.08640449234246558, 0.0870053180002173, 0.0877130825106814, 0.09297337752827443, 0.09345134515520064, 0.09956266497957952, 0.10456583165091472, 0.1084701106652045, 0.10983826501199366, 0.11021178683558279, 0.11912621530398573], "velocities": [23.845998889916743, 24.272065124884374, 24.68691535615171, 24.419472340425536, 25.141941258094366, 24.934567992599455, 25.037395004625353, 25.057452821461617, 24.943573543015734, 24.186747086031456, 24.921960222016658, 23.46838251618872, 24.255604070305274, 24.56075578168364, 23.74867345050879, 24.202580481036083, 23.99135393154487, 24.159195559666983, 24.41224606845514, 22.27547456059205]}