{"errors": [0.2367003586328449, 0.23721915576830666, 0.24198233664455387, 0.24290354450175566, 0.24298997123364405, 0.24563053808238772, 0.24647862889687716, 0.2474357186058385, 0.2569086577371331, 0.25974163147920953, 0.26578887969153064, 0.26967513526381975, 0.2767003527646173, 0.2770259996970029, 0.2772170988066512, 0.2789856926074661, 0.2881556770919472, 0.3001628718078751, 0.3128843028972404, 0.32348941743414783], "velocities": [39.52526933935632, 39.94982947487298, 39.750342179559595, 39.3057933370977, 40.1621095426313, 41.54462845849801, 39.177066064370436, 41.452980237154144, 39.361361942405445, 40.25415692307692, 40.020274871794875, 39.12269678147941, 40.903883076923066, 38.47786109542633, 40.82981538461539, 39.80910897797856, 37.2953291925466, 40.72948512820513, 40.459476923076906, 36.71085940146811]}