{"errors": [0.031225360268530424, 0.03124204151193013, 0.03222734391280386, 0.033179558238645886, 0.034002900602905305, 0.03527995832119672, 0.03531862184459556, 0.03551367368080959, 0.03563563789560911, 0.03790116779312903, 0.042155649972815616, 0.04707644662180444, 0.049855152342240285, 0.051293065225052344, 0.05412961976641431, 0.054339904721553194, 0.05500556491505914, 0.0556050109953251, 0.0574745958312396, 0.060768035043857596], "velocities": [15.368564722617348, 15.37598150782361, 15.537615789473685, 15.39337105263158, 15.343685633001419, 15.40874210526316, 15.368881578947368, 15.495410526315792, 15.415036984352772, 15.576086842105262, 15.260317211948788, 16.019502631578952, 15.094941678520629, 15.282379800853477, 15.139997866287342, 15.249943100995733, 15.321106685632998, 15.34767567567567, 15.087211948790895, 15.212616642958745]}