{"errors": [0.12271824840569058, 0.1231910542632689, 0.1236705795475521, 0.12440424802166294, 0.12535787291399092, 0.12944964980821685, 0.1303675837781663, 0.13152796374891773, 0.13207131371641645, 0.13311129842744893, 0.13372190166198125, 0.13409728571098273, 0.13438078327478287, 0.13513984917743782, 0.13654026644847644, 0.14065053995394908, 0.1428657544551509, 0.14381873469428375, 0.14768921457214265, 0.16374785266308345], "velocities": [-32.72309287925698, -32.635876160990726, -32.713795665634684, -32.76515170278638, -32.84307120743036, -32.98474303405574, -33.02547368421055, -32.87140557275545, -33.07771517027865, -33.07328792569661, -33.10914860681117, -32.99359752321984, -33.48767801857587, -33.10737770897833, -33.038755417956665, -33.02635913312696, -32.66022600619195, -33.20654798761612, -31.619880451127834, -31.13443308270677]}