{"errors": [0.08189146121479186, 0.09780181824105373, 0.09852964887426038, 0.09931499087932702, 0.09945682976352033, 0.09992485035402904, 0.10168373331846714, 0.10370715504974214, 0.10564963393674823, 0.10803051333534444, 0.11072893399267553, 0.1116397187674744, 0.11298683249855918, 0.11532023528587491, 0.11604778596955401, 0.12128697413185305, 0.12333350892405948, 0.12423867209939414, 0.1249770482888997, 0.1257909850305859], "velocities": [20.920693214682977, 17.997923645320196, 17.986300492610837, 18.42185172413793, 18.4117078817734, 18.504904433497536, 19.2268078817734, 16.932142857142857, 19.239910344827585, 19.048445320197047, 16.350253333333338, 18.444651888341536, 18.167457307060754, 17.02251806239737, 17.405729885057468, 18.37338669950739, 15.397470000000002, 17.035949261083747, 15.952880952380953, 19.450395073891624]}