{"errors": [0.08838809215107167, 0.10285016521005802, 0.10942986712391235, 0.11117527480937048, 0.11251901038327518, 0.11525812729623888, 0.11531624363068294, 0.11731923667181524, 0.1184791827359216, 0.11890646567701248, 0.1193836248726525, 0.11994155116859118, 0.12084758011963621, 0.13639106938449544, 0.14322375396506407, 0.1615471910970377, 0.171593512642382, 0.18108367465056824, 0.18905453633117558, 0.19033658848176452], "velocities": [-27.180450000000008, -28.129860000000004, -27.004230000000014, -26.92107, -28.030530000000006, -27.776906666666683, -26.44132173913044, -27.951990000000013, -27.880050000000015, -26.592031304347827, -27.90480000000001, -27.095310000000005, -26.963310000000007, -27.295950000000015, -26.504610000000003, -26.395623913043487, -25.716684782608713, -25.259333478260885, -27.144484472049704, -27.11590062111803]}