{"errors": [0.15914915717854522, 0.1763020585297431, 0.17826862916128988, 0.1794613737328105, 0.18175763277747925, 0.18848489228026444, 0.19159696855828456, 0.22603590009421345, 0.2268072126341419, 0.2279315438971554, 0.22847667923790063, 0.23146051597272854, 0.23651349694996074, 0.23811876746452093, 0.24654808177617205, 0.2535849866781534, 0.25591162386261757, 0.2763267954529144, 0.2815754473548765, 0.28801922285095816], "velocities": [34.763142857142846, 29.377499999999976, 34.64292857142856, 36.55362857142858, 36.553628571428575, 36.3773142857143, 27.77190000000001, 27.007500000000018, 29.632200000000008, 25.767300000000006, 25.981800000000007, 26.523899999999998, 35.60700000000001, 25.10040000000002, 35.52308571428573, 24.90540000000001, 27.397500000000004, 25.058799999999987, 33.98058529411767, 35.33922857142858]}