{"errors": [0.14792818986289288, 0.17549939273433157, 0.18000478963664446, 0.1813505730355031, 0.1813965329661316, 0.18157560917769472, 0.18561686241089742, 0.18940546810838094, 0.19174020940525222, 0.1975550313458209, 0.20362433731559976, 0.21371380872702658, 0.22240531217123743, 0.22482849770623928, 0.23855858165039395, 0.2409147301824835, 0.24912962077392714, 0.24919517112551673, 0.26683632862845186, 0.2812408627449084], "velocities": [-23.37900000000003, -23.208900000000014, -22.8072, -23.47409999999999, -22.66289999999999, -22.881300000000014, -22.55369999999998, -22.569299999999988, -22.48349999999999, -20.751900000000006, -21.648899999999994, -22.443000000000026, -20.377499999999973, -21.543600000000012, -21.793199999999974, -21.729000000000035, -22.089599999999997, -21.664499999999993, -16.802500000000002, -21.855600000000006]}