{"errors": [0.04840970858108546, 0.053585850150145525, 0.05431425184617269, 0.05647939081791021, 0.057393317211886695, 0.06127655170286714, 0.06384048972944463, 0.06397706309865953, 0.06687932316459698, 0.06764264335929784, 0.06792938703082947, 0.0685068876292121, 0.06921278101314962, 0.069494025856129, 0.07168773178883286, 0.07275792271830253, 0.07772608485264475, 0.08020071829262716, 0.08306600849395515, 0.08455748384824505], "velocities": [16.451455263157897, 15.970784210526316, 16.206473684210525, 15.918678947368424, 15.997444736842109, 16.28471842105263, 15.896794736842109, 16.288452631578952, 15.409002631578948, 16.12866315789474, 17.06485766550523, 15.828102631578949, 15.605005263157894, 15.802136842105265, 15.649728947368425, 16.026450000000004, 13.560089615931716, 13.543613086770982, 16.53951951219512, 16.583989024390245]}