{"errors": [0.33704698065886024, 0.34448384571047574, 0.34791791514429166, 0.35554791559515897, 0.3605020481274551, 0.36626805372164084, 0.37044593706695733, 0.3760414699227988, 0.3774418633114135, 0.38111129977297076, 0.38601634606459573, 0.39491130412377, 0.402267739320519, 0.40236185238782607, 0.4077497912550356, 0.4085191945687822, 0.4128252204839568, 0.4145634320952298, 0.4444176583157182, 0.44526548757137796], "velocities": [53.544399999999996, 53.91880000000001, 53.648399999999995, 53.73939999999999, 53.858999999999995, 54.8145, 55.383900000000004, 50.35030000000001, 55.0836, 55.3605, 51.515750000000004, 51.472850000000015, 54.732600000000005, 54.7378, 52.18785000000002, 55.2968, 51.308400000000006, 52.3666, 54.9692, 51.89469999999999]}