{"errors": [0.031131183944879643, 0.03130396772041324, 0.0314861575275148, 0.032139889189190786, 0.0325732883875649, 0.035697433506200416, 0.036240898056456305, 0.03725483441397506, 0.0378866589427512, 0.03941999217878012, 0.04554063094842441, 0.04863201484239112, 0.04987522365902539, 0.05321750035062368, 0.05339346485922329, 0.05588191814115525, 0.059414057548877006, 0.06528863947852798, 0.07083654466461485, 0.0751327336295415], "velocities": [15.495323684210527, 15.47396052631579, 15.50487631578948, 15.463539473684211, 15.534228947368426, 15.54508421052632, 15.435836842105266, 15.371747368421053, 15.335186842105266, 15.532665789473686, 15.486726315789475, 15.379823684210528, 15.396149999999999, 15.411434210526318, 15.898705263157893, 15.435228947368422, 15.272834210526318, 15.390765789473686, 15.353076315789476, 15.448428947368422]}