{"errors": [0.14216233278699977, 0.17656461252741104, 0.17805423224282063, 0.1808724719057824, 0.18184796655279026, 0.1829952376331361, 0.184485083750257, 0.1892226803863442, 0.19000824439008324, 0.19643169292030033, 0.20505295639894297, 0.23302940078162546, 0.24510411358428205, 0.2466242572009943, 0.2506762289806477, 0.25106381615375895, 0.2529357821566394, 0.2534631841409179, 0.2617530335680869, 0.2766067015131916], "velocities": [36.47160000000001, 35.922857142857154, 36.02185714285716, 35.946428571428584, 36.12934285714286, 36.073714285714296, 36.04354285714287, 35.534400000000005, 36.04354285714287, 36.11614285714287, 35.88891428571429, 37.101, 34.81217142857144, 34.785771428571444, 34.421400000000006, 34.69431428571429, 36.84308571428573, 38.1065142857143, 37.31550000000001, 36.174600000000005]}