{"errors": [0.14414362624293187, 0.1450897995427023, 0.1539871470871098, 0.16417466795212488, 0.1675287191753596, 0.16913622864878172, 0.17436854589386447, 0.17480227455267378, 0.17657934375222667, 0.17751852398912643, 0.18640471694861702, 0.18790263357037476, 0.18799048172503618, 0.18963690525790258, 0.1905714823159618, 0.20034737472482164, 0.20463852478397598, 0.20768806629427194, 0.21025294163611838, 0.21315742735679158], "velocities": [34.95407142857143, 34.89042857142857, 35.57399999999999, 33.18150000000001, 35.99003571428572, 35.74371428571427, 35.88042857142856, 35.69185714285714, 35.79085714285713, 35.706, 36.37731428571429, 36.37448571428572, 35.744532352941185, 30.67349999999999, 31.327500000000008, 35.121, 35.882785714285696, 32.29350000000001, 29.608500000000017, 35.57482500000002]}