{"errors": [0.33902291744915236, 0.3620079701720138, 0.36289138390382, 0.36612616769667466, 0.37255123455938893, 0.37471371083084676, 0.3769706628269308, 0.3956934059338369, 0.41288436968410086, 0.420154066201895, 0.4252457342580941, 0.42547904359684713, 0.4261680795632817, 0.4278929692151826, 0.4324103733801792, 0.436872729785899, 0.43987538019347056, 0.45311920433522623, 0.4671270123408213, 0.4899055252360632], "velocities": [50.77020000000002, 54.8535, 55.06800000000002, 52.91259999999999, 50.564800000000005, 48.06229999999999, 48.92745, 48.0623, 50.436099999999996, 55.77000000000001, 54.88860000000001, 54.0176, 54.0462, 54.02019999999999, 54.8262, 54.51939999999999, 54.7638, 56.99850000000001, 51.8076, 56.4993]}