{"errors": [0.1244955379797187, 0.12689119565975698, 0.1285001110221112, 0.12870557763688062, 0.12884531733452764, 0.12912029659801655, 0.1291825789903739, 0.13196932433133535, 0.13369050650049594, 0.13384559932086795, 0.1341931634379146, 0.13420540250429525, 0.13675841882017561, 0.13794468968417653, 0.1392497073152936, 0.13937959518469598, 0.1472890483223017, 0.14789429253881264, 0.1737520600441601, 0.21695849493264202], "velocities": [-32.827133126934996, -32.827575851393206, -32.89044272445822, -32.83952941176473, -32.823591331269355, -32.859009287925716, -32.95862229102168, -32.68369040247679, -32.83200309597524, -32.72043653250775, -33.01484829721364, -33.029015479876165, -33.172015479876166, -33.07151702786382, -33.10649226006196, -33.17334365325081, -32.46675541795668, -32.39414860681117, -33.38839705882354, -32.472510835913326]}