{"errors": [0.13007109045816637, 0.1301636955971814, 0.13041145039316743, 0.13196729235570806, 0.13206502906477796, 0.1320926372200587, 0.13443540080425012, 0.13525435351247214, 0.13758697608163997, 0.14173866514310537, 0.1429604018423354, 0.148310130620651, 0.15085033587943414, 0.1516464095366371, 0.15186250951083094, 0.15519329528729436, 0.15941239064540502, 0.16148454277390087, 0.1753636756402027, 0.1803729955244072], "velocities": [20.514965944272436, 20.526034055727546, 20.583145510835912, 20.604396284829722, 20.613250773993805, 20.22608823529411, 20.57827554179565, 21.243778947368416, 20.242247678018575, 20.07047058823529, 20.002124999999985, 20.013691176470573, 20.00107352941176, 19.330235294117628, 20.834347368421053, 26.083199999999994, 21.167010526315796, 21.465052631578946, 24.449236842105265, 24.419131578947365]}