{"15pa": {"M_100%": 1.677315294736245, "M_90%": 1.5432319040914766, "M_80%": 1.4033684000286824, "M_70%": 1.2571711133610677, "M_60%": 1.1040233541995514, "M_50%": 0.9432444978845315, "M_40%": 0.7740964322017784, "M_30%": 0.5958060470947453, "M_20%": 0.40762397695474617}, "20pa": {"M_100%": 1.3290162381762276, "M_90%": 1.2176212640629573, "M_80%": 1.1022359833636655, "M_70%": 0.9825711643565803, "M_60%": 0.8583192257492235, "M_50%": 0.7291585817350918, "M_40%": 0.5947627851491184, "M_30%": 0.45481870600058183, "M_20%": 0.30906328311577247}, "25pa": {"M_100%": 1.10044762165862, "M_90%": 1.0052033024558908, "M_80%": 0.9070720109138974, "M_70%": 0.8058915753043823, "M_60%": 0.7014959298234464, "M_50%": 0.5937192017117947, "M_40%": 0.48240274308023806, "M_30%": 0.3674074572254589, "M_20%": 0.24863674265935845}, "30pa": {"M_100%": 0.9385462959022794, "M_90%": 0.8554266566356554, "M_80%": 0.7701387707419951, "M_70%": 0.6825866544298422, "M_60%": 0.592675296650414, "M_50%": 0.5003138243687946, "M_40%": 0.40542055575639535, "M_30%": 0.3079313977631987, "M_20%": 0.2078149337119155}, "40pa": {"M_100%": 0.7241429861018897, "M_90%": 0.6580304413911309, "M_80%": 0.5905865211267848, "M_70%": 0.5217736185134332, "M_60%": 0.4515569635887975, "M_50%": 0.379906416060794, "M_40%": 0.30679916684398273, "M_30%": 0.2322240496312407, "M_20%": 0.15618911130620344}}