{"neon": {"cross-section": 1e-18}, "15pa": {"w_pd": 749.1510129287925, "w_pi": 58.04150262236732, "debye_De": 0.0025569724758623207, "debye_Di": 8.407294941348977e-05, "debye_D": 8.402754116083446e-05, "beta_damp": 98.14142003848096, "havnes": 1.8762496489830405, "e-field-vm": -249.0328571428571, "Z_d_0": 2001.6008416144377, "Z_d": 1323.8052779920695, "z": 0.44, "z_depl": 0.2910042353133217, "l_i": 2.301083333333333e-08, "n_d": 200000000000.0, "n_i": 349943377026985.4, "n_e": 85182321428571.47, "T_i": 0.04477779421164021, "T_e": 10.082167968750051, "n_0": 3.7463613465421713e+21}, "20pa": {"w_pd": 549.3185580065132, "w_pi": 52.499139235151375, "debye_De": 0.002397453069385052, "debye_Di": 8.900881932355327e-05, "debye_D": 8.894753911768595e-05, "beta_damp": 130.8552267179746, "havnes": 2.16948319538446, "e-field-vm": -248.55999999999997, "Z_d_0": 1536.0941322693234, "Z_d": 970.6865422834783, "z": 0.355, "z_depl": 0.22433112351100185, "l_i": 1.7258124999999995e-08, "n_d": 200000000000.0, "n_i": 286302308456695.7, "n_e": 92165000000000.03, "T_i": 0.04106230088888889, "T_e": 9.590000000000035, "n_0": 4.995148462056229e+21}, "25pa": {"w_pd": 518.3609363742393, "w_pi": 52.134969112700816, "debye_De": 0.0022642909800344147, "debye_Di": 8.716356022094703e-05, "debye_D": 8.709905006816152e-05, "beta_damp": 163.56903339746827, "havnes": 2.1421220282944384, "e-field-vm": -248.08714285714282, "Z_d_0": 1444.9389156221698, "Z_d": 915.9821339550856, "z": 0.348, "z_depl": 0.220605715002918, "l_i": 1.3806499999999997e-08, "n_d": 200000000000.0, "n_i": 282344105362445.75, "n_e": 99147678571428.6, "T_i": 0.038833004895238096, "T_e": 9.202363281250019, "n_0": 6.243935577570286e+21}, "30pa": {"w_pd": 505.78630691433517, "w_pi": 52.36882316023066, "debye_De": 0.0021533200744088266, "debye_Di": 8.509763884070596e-05, "debye_D": 8.503126498938168e-05, "beta_damp": 196.28284007696192, "havnes": 2.0857907771200215, "e-field-vm": -247.6142857142857, "Z_d_0": 1398.8117399224109, "Z_d": 893.761833160541, "z": 0.348, "z_depl": 0.22235237885344053, "l_i": 1.1505416666666664e-08, "n_d": 200000000000.0, "n_i": 284882723774965.4, "n_e": 106130357142857.17, "T_i": 0.03734680756613756, "T_e": 8.908593750000007, "n_0": 7.492722693084343e+21}, "40pa": {"w_pd": 462.1856865618941, "w_pi": 52.23595552571718, "debye_De": 0.001984252573444133, "debye_Di": 8.316513424538027e-05, "debye_D": 8.30921837481058e-05, "beta_damp": 261.7104534359492, "havnes": 2.062352428377301, "e-field-vm": -246.66857142857143, "Z_d_0": 1274.554980932122, "Z_d": 816.7163104953048, "z": 0.33, "z_depl": 0.21145920458162176, "l_i": 8.629062499999997e-09, "n_d": 200000000000.0, "n_i": 283438976384775.25, "n_e": 120095714285714.31, "T_i": 0.0354890609047619, "T_e": 8.559999999999986, "n_0": 9.990296924112458e+21}}