{"neon": {"cross-section": 1e-18}, "15pa": {"w_pd": 795.7610564986346, "w_pi": 59.391870880178296, "debye_De": 0.0025569724758623207, "debye_Di": 8.216141774179739e-05, "debye_D": 8.211903534344307e-05, "beta_damp": 98.14142003848096, "havnes": 1.8019595312109673, "e-field-vm": -249.0328571428571, "Z_d_0": 2101.68088369516, "Z_d": 1406.1686741836759, "z": 0.462, "z_error": 0.12, "z_depl": 0.3091096904924256, "l_i": 2.301083333333333e-08, "n_d": 200000000000.0, "n_i": 366416056265306.6, "n_e": 85182321428571.47, "T_i": 0.04477779421164021, "T_e": 10.082167968750051, "n_0": 3.7463613465421713e+21}, "20pa": {"w_pd": 549.3185580065132, "w_pi": 52.499139235151375, "debye_De": 0.002397453069385052, "debye_Di": 8.900881932355327e-05, "debye_D": 8.894753911768595e-05, "beta_damp": 130.8552267179746, "havnes": 2.16948319538446, "e-field-vm": -248.55999999999997, "Z_d_0": 1514.4590036458117, "Z_d": 970.6865422834783, "z": 0.35, "z_error": 0.012, "z_depl": 0.22433112351100185, "l_i": 1.7258124999999995e-08, "n_d": 200000000000.0, "n_i": 286302308456695.7, "n_e": 92165000000000.03, "T_i": 0.04106230088888889, "T_e": 9.590000000000035, "n_0": 4.995148462056229e+21}, "25pa": {"w_pd": 522.0321130323382, "w_pi": 52.25461901495783, "debye_De": 0.0022642909800344147, "debye_Di": 8.69639776451402e-05, "debye_D": 8.689990928914522e-05, "beta_damp": 163.56903339746827, "havnes": 2.132994846145165, "e-field-vm": -248.08714285714282, "Z_d_0": 1403.4176824146364, "Z_d": 922.4693747817821, "z": 0.338, "z_error": 0.023, "z_depl": 0.22216810617619354, "l_i": 1.3806499999999997e-08, "n_d": 200000000000.0, "n_i": 283641553527785.0, "n_e": 99147678571428.6, "T_i": 0.038833004895238096, "T_e": 9.202363281250019, "n_0": 6.243935577570286e+21}, "30pa": {"w_pd": 509.3426835716691, "w_pi": 52.48421921564835, "debye_De": 0.0021533200744088266, "debye_Di": 8.491053627932027e-05, "debye_D": 8.484459893211585e-05, "beta_damp": 196.28284007696192, "havnes": 2.0771363474574023, "e-field-vm": -247.6142857142857, "Z_d_0": 1398.8117399224109, "Z_d": 900.0462138905366, "z": 0.348, "z_error": 0.029, "z_depl": 0.22391582333393925, "l_i": 1.1505416666666664e-08, "n_d": 200000000000.0, "n_i": 286139599920964.5, "n_e": 106130357142857.17, "T_i": 0.03734680756613756, "T_e": 8.908593750000007, "n_0": 7.492722693084343e+21}, "40pa": {"w_pd": 433.5798065946751, "w_pi": 51.29591735129171, "debye_De": 0.001984252573444133, "debye_Di": 8.46892009744434e-05, "debye_D": 8.461216965172127e-05, "beta_damp": 261.7104534359492, "havnes": 2.137191421302788, "e-field-vm": -246.66857142857143, "Z_d_0": 1143.2371950179033, "Z_d": 766.1676037209984, "z": 0.296, "z_error": 0.035, "z_depl": 0.19837144180553365, "l_i": 8.629062499999997e-09, "n_d": 200000000000.0, "n_i": 273329235029914.0, "n_e": 120095714285714.31, "T_i": 0.0354890609047619, "T_e": 8.559999999999986, "n_0": 9.990296924112458e+21}}