{"neon": {"cross-section": 1e-18}, "15pa": {"w_pd": 587.4023214921074, "w_pi": 44.26408571711919, "debye_De": 0.002557697177159543, "debye_Di": 0.00011027044436422712, "debye_D": 0.00011016810464692901, "beta_damp": 94.73277076954459, "havnes": 1.208634790242577, "e-field-vm": -249.0328571428571, "Z_d_0": 1820.7891429212996, "Z_d": 1820.7891429212996, "z": 0.54, "z_error": 0.05, "z_depl": 0.4000264559902953, "l_i": 2.301081666666667e-08, "n_d": 65000000000.0, "n_i": 203533615718455.94, "n_e": 85182321428571.47, "T_i": 0.044777578696760946, "T_e": 10.082167968750051, "n_0": 3.744427287285845e+21, "u_i": 776.4646011653819}, "20pa": {"w_pd": 605.3424670147916, "w_pi": 51.679881581831374, "debye_De": 0.002398132559432682, "debye_Di": 7.730710987581577e-05, "debye_D": 7.72669729946263e-05, "beta_damp": 126.31036102605944, "havnes": 1.7496330357394856, "e-field-vm": -248.55999999999997, "Z_d_0": 1235.1968846953184, "Z_d": 1235.1968846953184, "z": 0.43, "z_error": 0.03, "z_depl": 0.2852992096113254, "l_i": 1.72581125e-08, "n_d": 150000000000.0, "n_i": 277444532704297.78, "n_e": 92165000000000.03, "T_i": 0.03, "T_e": 9.590000000000035, "n_0": 4.992569716381127e+21, "u_i": 503.5895261262084}, "25pa": {"w_pd": 631.0542955916648, "w_pi": 55.20022608133737, "debye_De": 0.002264932729066135, "debye_Di": 7.237691885407928e-05, "debye_D": 7.233999328411086e-05, "beta_damp": 157.8879512825743, "havnes": 1.8340092015897052, "e-field-vm": -248.08714285714282, "Z_d_0": 1144.1174294649386, "Z_d": 1144.1174294649386, "z": 0.42, "z_error": 0.02, "z_depl": 0.2753938362365091, "l_i": 1.380649e-08, "n_d": 190000000000.0, "n_i": 316529990169766.94, "n_e": 99147678571428.6, "T_i": 0.03, "T_e": 9.202363281250019, "n_0": 6.240712145476409e+21, "u_i": 416.9867787538873}, "30pa": {"w_pd": 649.5961054773785, "w_pi": 58.23826674143426, "debye_De": 0.002153930371886015, "debye_Di": 6.860132533740638e-05, "debye_D": 6.85665577984172e-05, "beta_damp": 189.46554153908917, "havnes": 1.9069678355042623, "e-field-vm": -247.6142857142857, "Z_d_0": 1070.434676042437, "Z_d": 1070.434676042437, "z": 0.41, "z_error": 0.02, "z_depl": 0.2661546160030648, "l_i": 1.1505408333333334e-08, "n_d": 229999999999.99997, "n_i": 352330332632617.7, "n_e": 106130357142857.17, "T_i": 0.03, "T_e": 8.908593750000007, "n_0": 7.48885457457169e+21, "u_i": 355.6423252450841}, "40pa": {"w_pd": 483.1123884922223, "w_pi": 54.71525845528401, "debye_De": 0.0019848149535352626, "debye_Di": 7.301843026257249e-05, "debye_D": 7.296906892963912e-05, "beta_damp": 252.62072205211888, "havnes": 2.2521518804791043, "e-field-vm": -246.66857142857143, "Z_d_0": 763.5875605546247, "Z_d": 763.5875605546247, "z": 0.32, "z_error": 0.03, "z_depl": 0.1975914135373584, "l_i": 8.62905625e-09, "n_d": 250000000000.0, "n_i": 310992604424370.5, "n_e": 120095714285714.31, "T_i": 0.03, "T_e": 8.559999999999986, "n_0": 9.985139432762255e+21, "u_i": 274.4029010805629}}