{"neon": {"cross-section": 1e-18}, "15pa": {"w_pd": 975.1271526598886, "w_pi": 64.32448875585212, "debye_De": 0.00255697247586232, "debye_Di": 7.58610042339322e-05, "debye_D": 7.582763954545653e-05, "beta_damp": 98.14142003848096, "havnes": 1.5677649767079451, "e-field-vm": -249.03285714285715, "Z_d_0": 2479.2555879087895, "Z_d": 1723.1218394244343, "z": 0.545, "z_error": 0.04, "z_depl": 0.37878361838378793, "l_i": 2.301083333333333e-08, "n_d": 200000000000.0, "n_i": 429806689313458.3, "n_e": 85182321428571.42, "T_i": 0.044777794211640215, "T_e": 10.08216796875004, "n_0": 3.7463613465421713e+21, "u_i": -775.9521610657926}, "20pa": {"w_pd": 621.2562879542878, "w_pi": 54.780549921886944, "debye_De": 0.002397453069385052, "debye_Di": 7.810407027342179e-05, "debye_D": 7.806265645740117e-05, "beta_damp": 130.8552267179746, "havnes": 1.9964434000270557, "e-field-vm": -248.55999999999997, "Z_d_0": 1709.1751612574155, "Z_d": 1097.8058345865431, "z": 0.397, "z_error": 0.012, "z_depl": 0.253709107463665, "l_i": 1.7258124999999995e-08, "n_d": 200000000000.0, "n_i": 311726166917308.6, "n_e": 92165000000000.0, "T_i": 0.034424920355555555, "T_e": 9.59000000000003, "n_0": 4.995148462056229e+21, "u_i": -539.083018124124}, "25pa": {"w_pd": 581.0504608429818, "w_pi": 54.141845827534524, "debye_De": 0.0022642909800344156, "debye_Di": 7.612374579447292e-05, "debye_D": 7.608076266562144e-05, "beta_damp": 163.56903339746827, "havnes": 1.9849858939804952, "e-field-vm": -248.08714285714285, "Z_d_0": 1598.567478490045, "Z_d": 1026.7591627974966, "z": 0.377, "z_error": 0.02, "z_depl": 0.24728532451468732, "l_i": 1.3806499999999997e-08, "n_d": 200000000000.0, "n_i": 304499511130927.9, "n_e": 99147678571428.56, "T_i": 0.03194326107695238, "T_e": 9.202363281250022, "n_0": 6.243935577570286e+21, "u_i": -429.97964169257824}, "30pa": {"w_pd": 567.4057979820204, "w_pi": 54.333577093960734, "debye_De": 0.002153320074408828, "debye_Di": 7.546590602216582e-05, "debye_D": 7.54196034243465e-05, "beta_damp": 196.28284007696192, "havnes": 1.9365224353003934, "e-field-vm": -247.6142857142857, "Z_d_0": 1547.5359766383006, "Z_d": 1002.6480337994241, "z": 0.378, "z_error": 0.02, "z_depl": 0.24944136927357594, "l_i": 1.1505416666666664e-08, "n_d": 200000000000.0, "n_i": 306659963902741.94, "n_e": 106130357142857.12, "T_i": 0.031616297664550264, "T_e": 8.908593750000012, "n_0": 7.492722693084343e+21, "u_i": -364.83802639338546}, "40pa": {"w_pd": 491.92520899427706, "w_pi": 53.19563779113837, "debye_De": 0.0019842525734441343, "debye_Di": 7.50841363607926e-05, "debye_D": 7.503043879655758e-05, "beta_damp": 261.7104534359492, "havnes": 1.9807514132877249, "e-field-vm": -246.66857142857143, "Z_d_0": 1351.8007373522516, "Z_d": 869.268247396569, "z": 0.345, "z_error": 0.035, "z_depl": 0.22506563148109854, "l_i": 8.629062499999997e-09, "n_d": 200000000000.0, "n_i": 293949363765028.1, "n_e": 120095714285714.28, "T_i": 0.03, "T_e": 8.559999999999995, "n_0": 9.990296924112458e+21, "u_i": -274.20403906240404}}