{"neon": {"cross-section": 1e-18}, "15pa": {"w_pd": 587.402321492107, "w_pi": 44.26408571711917, "debye_De": 0.0025576971771595425, "debye_Di": 0.00011027044436422718, "debye_D": 0.00011016810464692908, "beta_damp": 94.73277076954459, "havnes": 1.208634790242576, "e-field-vm": -249.03285714285715, "Z_d_0": 1820.7891429212984, "Z_d": 1820.7891429212984, "z": 0.54, "z_error": 0.05, "z_depl": 0.4000264559902954, "l_i": 2.301081666666667e-08, "n_d": 65000000000.0, "n_i": 203533615718455.8, "n_e": 85182321428571.42, "T_i": 0.04477757869676095, "T_e": 10.08216796875004, "n_0": 3.744427287285845e+21, "u_i": 776.464601165382}, "20pa": {"w_pd": 614.4732064586079, "w_pi": 51.939513481117245, "debye_De": 0.002398132559432682, "debye_Di": 8.999186040132755e-05, "debye_D": 8.992856459399257e-05, "beta_damp": 126.31036102605944, "havnes": 1.7496330357394863, "e-field-vm": -248.55999999999997, "Z_d_0": 1253.8280918722814, "Z_d": 1253.8280918722814, "z": 0.43, "z_error": 0.03, "z_depl": 0.28960254679388625, "l_i": 1.72581125e-08, "n_d": 150000000000.0, "n_i": 280239213780842.22, "n_e": 92165000000000.0, "T_i": 0.04106213955964, "T_e": 9.59000000000003, "n_0": 4.992569716381127e+21, "u_i": 589.1648774866854}, "25pa": {"w_pd": 639.1264963095188, "w_pi": 55.44215887897558, "debye_De": 0.0022649327290661355, "debye_Di": 8.198605043138601e-05, "debye_D": 8.193239017408182e-05, "beta_damp": 157.8879512825743, "havnes": 1.8340092015897052, "e-field-vm": -248.08714285714285, "Z_d_0": 1158.7525339241786, "Z_d": 1158.7525339241786, "z": 0.42, "z_error": 0.02, "z_depl": 0.2789165669081648, "l_i": 1.380649e-08, "n_d": 190000000000.0, "n_i": 319310660017022.5, "n_e": 99147678571428.56, "T_i": 0.03883287607736743, "T_e": 9.202363281250022, "n_0": 6.240712145476409e+21, "u_i": 474.41830359397227}, "30pa": {"w_pd": 656.8294588223007, "w_pi": 58.464403066718496, "debye_De": 0.002153930371886016, "debye_Di": 7.624562331325997e-05, "debye_D": 7.619789857744744e-05, "beta_damp": 189.46554153908917, "havnes": 1.906967835504263, "e-field-vm": -247.6142857142857, "Z_d_0": 1082.354132115503, "Z_d": 1082.354132115503, "z": 0.41, "z_error": 0.02, "z_depl": 0.2691182889156623, "l_i": 1.1505408333333334e-08, "n_d": 229999999999.99997, "n_i": 355071807529422.75, "n_e": 106130357142857.12, "T_i": 0.037346700422519044, "T_e": 8.908593750000012, "n_0": 7.48885457457169e+21, "u_i": 396.80664168459856}, "40pa": {"w_pd": 487.7412720772904, "w_pi": 54.875922309139575, "debye_De": 0.0019848149535352643, "debye_Di": 7.918542487469087e-05, "debye_D": 7.912248184366942e-05, "beta_damp": 252.62072205211888, "havnes": 2.2521518804791048, "e-field-vm": -246.66857142857143, "Z_d_0": 770.9037834646699, "Z_d": 770.9037834646699, "z": 0.32, "z_error": 0.03, "z_depl": 0.1994846120403566, "l_i": 8.62905625e-09, "n_d": 250000000000.0, "n_i": 312821660151881.75, "n_e": 120095714285714.28, "T_i": 0.03548898085395857, "T_e": 8.559999999999995, "n_0": 9.985139432762255e+21, "u_i": 298.4522347154195}}