{"neon": {"cross-section": 1e-18}, "15pa": {"w_pd": 665.5664445327888, "w_pi": 55.537750416622295, "debye_Di": 8.786312512205633e-05, "debye_D": 8.781129843514284e-05, "beta_damp": 77.83629865120903, "havnes": 2.0282879222798695, "e-field-vm": -249.03285714285715, "Z_d_0": 1819.637128740396, "Z_d": 1176.1051602698283, "z": 0.21896204566844366, "l_i": 2.301083333333333e-08, "n_d": 200000000000.0, "n_i": 320403353482537.06, "T_i": 0.044777794211640215}, "20pa": {"w_pd": 549.318558006513, "w_pi": 52.49913923515136, "debye_Di": 8.900881932355328e-05, "debye_D": 8.894753911768596e-05, "beta_damp": 130.8552267179746, "havnes": 2.16948319538446, "e-field-vm": -248.55999999999997, "Z_d_0": 1536.0941322693227, "Z_d": 970.6865422834779, "z": 0.22050220891188657, "l_i": 1.7258124999999995e-08, "n_d": 200000000000.0, "n_i": 286302308456695.6, "T_i": 0.04106230088888889}, "25pa": {"w_pd": 518.3609363742395, "w_pi": 52.134969112700816, "debye_Di": 8.716356022094703e-05, "debye_D": 8.709905006816152e-05, "beta_damp": 163.56903339746827, "havnes": 2.1421220282944384, "e-field-vm": -248.08714285714285, "Z_d_0": 1444.9389156221703, "Z_d": 915.9821339550859, "z": 0.22225181708253372, "l_i": 1.3806499999999997e-08, "n_d": 200000000000.0, "n_i": 282344105362445.75, "T_i": 0.038833004895238096}, "30pa": {"w_pd": 505.7863069143353, "w_pi": 52.36882316023066, "debye_Di": 8.509763884070596e-05, "debye_D": 8.503126498938168e-05, "beta_damp": 196.28284007696192, "havnes": 2.085790777120023, "e-field-vm": -247.6142857142857, "Z_d_0": 1398.8117399224116, "Z_d": 893.7618331605412, "z": 0.22399916683880547, "l_i": 1.1505416666666664e-08, "n_d": 200000000000.0, "n_i": 284882723774965.4, "T_i": 0.03734680756613756}, "40pa": {"w_pd": 462.1856865618946, "w_pi": 52.235955525717195, "debye_Di": 8.316513424538024e-05, "debye_D": 8.309218374810577e-05, "beta_damp": 261.7104534359492, "havnes": 2.0623524283773023, "e-field-vm": -246.66857142857143, "Z_d_0": 1274.5549809321233, "Z_d": 816.7163104953056, "z": 0.22711679805637283, "l_i": 8.629062499999997e-09, "n_d": 200000000000.0, "n_i": 283438976384775.4, "T_i": 0.0354890609047619}}