{"15pa": {"w_pd": 901.0276233360162, "w_pi": 62.33406673634136, "debye_Di": 7.828336204171157e-05, "debye_D": 7.824669962137069e-05, "beta_damp": 74.45211175333039}, "20pa": {"w_pd": 857.043339743495, "w_pi": 61.669372468214874, "debye_Di": 7.577321143055437e-05, "debye_D": 7.573539403321328e-05, "beta_damp": 99.26948233777384}, "25pa": {"w_pd": 822.400850896288, "w_pi": 61.257408548456134, "debye_Di": 7.418318253338256e-05, "debye_D": 7.414340182890538e-05, "beta_damp": 124.08685292221732}, "30pa": {"w_pd": 796.1471261645477, "w_pi": 61.07674882076238, "debye_Di": 7.296497089064407e-05, "debye_D": 7.29231183067395e-05, "beta_damp": 148.90422350666077}}