{"neon": {"cross-section": 1e-18}, "15pa": {"w_pd": 898.8586532970799, "w_pi": 62.27484669684342, "debye_De": 0.00255697247586232, "debye_Di": 7.835780532078876e-05, "debye_D": 7.832103825810722e-05, "beta_damp": 98.14142003848096, "havnes": 1.658668631127209, "e-field-vm": -249.03285714285715, "Z_d_0": 2320.037339144005, "Z_d": 1588.3497570824488, "z": 0.51, "z_error": 0.068, "z_depl": 0.34915747365123273, "l_i": 2.301083333333333e-08, "n_d": 200000000000.0, "n_i": 402852272845061.2, "n_e": 85182321428571.42, "T_i": 0.044777794211640215, "T_e": 10.08216796875004, "n_0": 3.7463613465421713e+21}, "20pa": {"w_pd": 539.7369340702966, "w_pi": 52.18774462035461, "debye_De": 0.002397453069385052, "debye_Di": 8.953991847735656e-05, "debye_D": 8.947753554119181e-05, "beta_damp": 130.8552267179746, "havnes": 2.1932453723129717, "e-field-vm": -248.55999999999997, "Z_d_0": 1514.459003645811, "Z_d": 953.7551037355812, "z": 0.35, "z_error": 0.012, "z_depl": 0.2204181727625841, "l_i": 1.7258124999999995e-08, "n_d": 200000000000.0, "n_i": 282916020747116.25, "n_e": 92165000000000.0, "T_i": 0.04106230088888889, "T_e": 9.59000000000003, "n_0": 4.995148462056229e+21}, "25pa": {"w_pd": 500.0725003357611, "w_pi": 51.53477908822211, "debye_De": 0.0022642909800344156, "debye_Di": 8.817869408332575e-05, "debye_D": 8.811190539975435e-05, "beta_damp": 163.56903339746827, "havnes": 2.1889552240775063, "e-field-vm": -248.08714285714285, "Z_d_0": 1403.417682414637, "Z_d": 883.6651141071007, "z": 0.338, "z_error": 0.023, "z_depl": 0.21282246355504877, "l_i": 1.3806499999999997e-08, "n_d": 200000000000.0, "n_i": 275880701392848.72, "n_e": 99147678571428.56, "T_i": 0.038833004895238096, "T_e": 9.202363281250022, "n_0": 6.243935577570286e+21}, "30pa": {"w_pd": 505.7863069143353, "w_pi": 52.36882316023066, "debye_De": 0.002153320074408828, "debye_Di": 8.509763884070596e-05, "debye_D": 8.503126498938168e-05, "beta_damp": 196.28284007696192, "havnes": 2.085790777120023, "e-field-vm": -247.6142857142857, "Z_d_0": 1398.8117399224116, "Z_d": 893.7618331605412, "z": 0.348, "z_error": 0.029, "z_depl": 0.22235237885344045, "l_i": 1.1505416666666664e-08, "n_d": 200000000000.0, "n_i": 284882723774965.4, "n_e": 106130357142857.12, "T_i": 0.03734680756613756, "T_e": 8.908593750000012, "n_0": 7.492722693084343e+21}, "40pa": {"w_pd": 405.2968810859463, "w_pi": 50.34924022216045, "debye_De": 0.0019842525734441343, "debye_Di": 8.628154535328907e-05, "debye_D": 8.620009096058816e-05, "beta_damp": 261.7104534359492, "havnes": 2.217666476618795, "e-field-vm": -246.66857142857143, "Z_d_0": 1143.2371950179042, "Z_d": 716.1895813738931, "z": 0.296, "z_error": 0.035, "z_depl": 0.18543143715976837, "l_i": 8.629062499999997e-09, "n_d": 200000000000.0, "n_i": 263333630560492.9, "n_e": 120095714285714.28, "T_i": 0.0354890609047619, "T_e": 8.559999999999995, "n_0": 9.990296924112458e+21}}