{"neon": {"cross-section": 1e-18}, "15pa": {"w_pd": 587.402321492107, "w_pi": 44.26408571711917, "debye_De": 0.0025576971771595425, "debye_Di": 0.00011027044436422718, "debye_D": 0.00011016810464692908, "beta_damp": 94.73277076954459, "havnes": 1.208634790242576, "e-field-vm": -249.03285714285715, "Z_d_0": 1820.7891429212984, "Z_d": 1820.7891429212984, "z": 0.54, "z_error": 0.05, "z_depl": 0.4000264559902954, "l_i": 2.301081666666667e-08, "n_d": 65000000000.0, "n_i": 203533615718455.8, "n_e": 85182321428571.42, "T_i": 0.04477757869676095, "T_e": 10.08216796875004, "n_0": 3.744427287285845e+21, "u_i": 776.464601165382}, "20pa": {"w_pd": 605.3424670147912, "w_pi": 51.67988158183135, "debye_De": 0.002398132559432682, "debye_Di": 7.730710987581579e-05, "debye_D": 7.726697299462633e-05, "beta_damp": 126.31036102605944, "havnes": 1.7496330357394863, "e-field-vm": -248.55999999999997, "Z_d_0": 1235.1968846953173, "Z_d": 1235.1968846953173, "z": 0.43, "z_error": 0.03, "z_depl": 0.2852992096113254, "l_i": 1.72581125e-08, "n_d": 150000000000.0, "n_i": 277444532704297.6, "n_e": 92165000000000.0, "T_i": 0.03, "T_e": 9.59000000000003, "n_0": 4.992569716381127e+21, "u_i": 503.5895261262084}, "25pa": {"w_pd": 631.0542955916652, "w_pi": 55.20022608133738, "debye_De": 0.0022649327290661355, "debye_Di": 7.237691885407928e-05, "debye_D": 7.233999328411086e-05, "beta_damp": 157.8879512825743, "havnes": 1.8340092015897052, "e-field-vm": -248.08714285714285, "Z_d_0": 1144.1174294649393, "Z_d": 1144.1174294649393, "z": 0.42, "z_error": 0.02, "z_depl": 0.27539383623650915, "l_i": 1.380649e-08, "n_d": 190000000000.0, "n_i": 316529990169767.0, "n_e": 99147678571428.56, "T_i": 0.03, "T_e": 9.202363281250022, "n_0": 6.240712145476409e+21, "u_i": 416.98677875388734}, "30pa": {"w_pd": 649.5961054773786, "w_pi": 58.23826674143426, "debye_De": 0.002153930371886016, "debye_Di": 6.860132533740638e-05, "debye_D": 6.85665577984172e-05, "beta_damp": 189.46554153908917, "havnes": 1.906967835504263, "e-field-vm": -247.6142857142857, "Z_d_0": 1070.4346760424373, "Z_d": 1070.4346760424373, "z": 0.41, "z_error": 0.02, "z_depl": 0.26615461600306467, "l_i": 1.1505408333333334e-08, "n_d": 229999999999.99997, "n_i": 352330332632617.7, "n_e": 106130357142857.12, "T_i": 0.03, "T_e": 8.908593750000012, "n_0": 7.48885457457169e+21, "u_i": 355.6423252450841}, "40pa": {"w_pd": 483.1123884922227, "w_pi": 54.71525845528402, "debye_De": 0.0019848149535352643, "debye_Di": 7.301843026257248e-05, "debye_D": 7.296906892963912e-05, "beta_damp": 252.62072205211888, "havnes": 2.2521518804791048, "e-field-vm": -246.66857142857143, "Z_d_0": 763.5875605546253, "Z_d": 763.5875605546253, "z": 0.32, "z_error": 0.03, "z_depl": 0.19759141353735835, "l_i": 8.62905625e-09, "n_d": 250000000000.0, "n_i": 310992604424370.6, "n_e": 120095714285714.28, "T_i": 0.03, "T_e": 8.559999999999995, "n_0": 9.985139432762255e+21, "u_i": 274.4029010805629}}