{"errors": [0.13768743212617257, 0.1424944003996397, 0.16537332246867034, 0.16541309918877045, 0.16891876906778167, 0.17185059651272344, 0.17204691997943466, 0.17468175797198657, 0.18358119124186917, 0.2149432282289214, 0.22837281253362257, 0.23985900915574473, 0.26368684916670176, 0.34456703042115144, 0.34644229835041657, 0.3621043701184948, 0.4969320860574535, 0.7051552157486367, 0.7407686996765924, 0.8290924520013463], "velocities": [40.65995086213673, 40.7838746224996, 39.04596702880956, 37.247265180903796, 38.45139597732565, 39.21004963400167, 38.397705675722364, 42.977108813973224, 36.922227429335145, 39.02569875043729, 33.02991384195533, 43.01456199003906, 28.768117416458097, 28.650375404399046, 27.696072026494257, 30.85317904913851, 36.16110704783713, 31.738282083177616, 27.81836482888502, 35.01231893292553]}