{"errors": [0.19523143852406935, 0.21505035253025076, 0.21641076799482772, 0.2182701250477697, 0.2473396646607636, 0.26143346592952676, 0.2625690895179411, 0.3450858823462698, 0.36429516722985056, 0.4059796522196264, 0.42684189890411195, 0.44112964993092646, 0.45911777933674325, 0.5797961677550758, 0.7164122538072246, 0.774838624476591, 0.94811085678048, 0.9504387871869042, 0.9901015156272162, 1.029663246483025], "velocities": [45.10841040725071, 44.93554660816035, 44.935881465765505, 44.9241614495852, 45.39915217881324, 40.42794225204315, 44.84814877321568, 44.774766609263125, 55.88516596371846, 56.09298400981492, 48.319226285328014, 43.36556861673045, 44.20131979230999, 53.810379368461255, 43.44825921097107, 43.040224057173205, 34.784535283039766, 32.11717660870205, 32.073152835864676, 32.83200464482707]}