{"errors": [0.34188051721272883, 0.3868833012062585, 0.3899775186020577, 0.3960942125690647, 0.41196110546115927, 0.41438308680431807, 0.43592540689754405, 0.4395780384673645, 0.4834717427480057, 0.4912353120629392, 0.5540997959442102, 0.6969106708989603, 1.2336261504581596, 1.2669298135248521, 1.3158719894606419, 1.7050860128235814, 8.266245208584838, 13.869545013281765, 23.71035029413399, 46.02442293662845], "velocities": [-52.03301246087522, -54.65880233862869, -54.305448926159954, -54.0025394200673, -55.400696864111495, -57.21706747576504, -51.17423571330143, -55.20728754503041, -51.18949191913226, -51.57114313273882, -57.002552542249234, -63.11843689710087, -49.4625878462174, -51.07703891808891, -46.325715073131335, -82.5339914322965, -173.75985596324574, -8.155098197471109, -11.205273069679903, 15.973903685768066]}