{"errors": [0.17867029194756565, 0.1807877824566586, 0.18138869111479164, 0.18159519265909296, 0.18170210952803675, 0.18468671944065834, 0.18609681979910375, 0.18837946136796138, 0.1936121835531474, 0.19758028114765488, 0.1986574818943867, 0.20370967281989416, 0.20569885422068676, 0.20835312104078577, 0.2084464511928711, 0.20929752045933292, 0.233221548908169, 0.23718991169282616, 0.2615858724069157, 0.2705959711569226], "velocities": [38.17460787799772, 38.04818063292641, 37.240281683112464, 38.04571135079612, 37.83248883884479, 37.938570962935366, 37.86701175472362, 38.22424044881674, 38.03464012166263, 38.343645760586625, 36.184349696685686, 36.89460845181185, 36.29290318908963, 36.2043509767676, 39.67620510585005, 35.920894991739054, 36.36163145396638, 24.00069023698134, 35.48453958941248, 35.66699014262575]}