{"errors": [0.11433574762797159, 0.11610644860954261, 0.11955253970729235, 0.12136564678042326, 0.127133711548859, 0.12757969501474137, 0.13414351699256188, 0.14325529848239704, 0.14354879569986337, 0.1468680206923247, 0.14838143090268885, 0.1622231882382037, 0.16939349105301266, 0.17615869278585086, 0.18029645629066116, 0.19140939153886796, 0.23765620335293622, 0.24407812716058835, 0.26617125831338384, 0.2720908401290136], "velocities": [22.824272058823517, 22.82637499999999, 22.824272058823514, 22.829529411764703, 22.89997794117646, 22.90944117647058, 22.597154411764695, 22.571919117647056, 22.407889705882344, 22.35847058823529, 22.591897058823523, 23.556040247678016, 23.481662538699688, 23.441374613003084, 24.422142105263163, 20.064942857142864, 23.561884210526316, 23.11342647058823, 24.106014705882338, 24.180669117647053]}