{"errors": [0.20009901674139347, 0.20078334216132926, 0.20545971769911817, 0.21179065887565438, 0.22276475668192525, 0.23609044859399939, 0.254070774136599, 0.26568545073300187, 0.2698779369775861, 0.2940983814812103, 0.29693881803313166, 0.31301249176268625, 0.31668432952900194, 0.3273248511004055, 0.33786967096855053, 0.3819561464918883, 0.4258099270406353, 0.4476812027896982, 0.4740747789719846, 0.5234849196839559], "velocities": [-23.104714285714312, -23.857114285714264, -23.623285714285746, -23.94574285714281, -24.54539999999998, -24.464785714285757, -25.23274285714284, -24.315342857142838, -24.08151428571426, -23.432357142857157, -24.66514285714288, -23.960357142857198, -24.033428571428615, -23.993357142857185, -23.23435714285717, -21.565028571428552, -21.590485714285677, -37.71481114551085, -27.531075000000005, -33.885322058823526]}