{"errors": [0.10463757248934619, 0.10482876530491426, 0.10586828347284186, 0.1065873013629129, 0.10845137572597488, 0.10960756888181045, 0.11650210807042541, 0.11779170422777732, 0.11798352464514883, 0.11830823873477093, 0.13142646572973915, 0.13378213206393286, 0.13950603094895553, 0.14576008577260471, 0.14617054264197152, 0.14959446327472947, 0.15239308728159026, 0.1558848820076416, 0.17232087889088923, 0.18406574091707026], "velocities": [21.133894736842105, 21.17152631578947, 21.145184210526317, 20.997668421052627, 20.982615789473694, 21.060136842105262, 20.571634674922592, 21.01497894736842, 20.56145201238389, 21.02401052631579, 22.824305263157893, 20.494157894736837, 20.096757352941168, 21.13615263157895, 21.071426315789473, 22.61055789473685, 20.573848297213623, 19.514408668730646, 18.79335441176473, 23.813263157894735]}