{"20pa": {"v_group_100": 74.12945035111419, "v_group_100_error": 1.572698377769016, "v_group_30": 19.46301384238459, "v_group_30_error": 3.2967120822470446, "v_group_40": 25.072960742293365, "v_group_40_error": 2.527689985208986, "v_group_60": 48.30040631614004, "v_group_60_error": 0.8624147763437588, "v_group_80": 67.22702808224417, "v_group_80_error": 1.4304576207648974, "c_daw_100": 63.91899436791576, "c_daw_100_error": 0.6538060910558151, "c_daw_40": 26.741093574171973, "c_daw_40_error": 3.938095656502597, "c_daw_60": 46.05276245424746, "c_daw_60_error": 1.9925640785362098, "c_daw_80": 63.34022322885693, "c_daw_80_error": 2.2679463089260663, "k_100": 1235.011641992871, "k_100_error": 28.98885319669244, "k_80": 1295.3191780500254, "k_80_error": 0.934112874087865, "k_60": 2153.9100564659234, "k_60_error": 8.787120687277598, "k_40": 2474.7172436272144, "k_40_error": 38.98635073594853, "k_30": 3980.5472242034616, "k_30_error": 154.3650446207038}, "25pa": {"v_group_100": 72.93660485023315, "v_group_100_error": 0.5304217764391882, "v_group_30": 37.62236364686832, "v_group_30_error": 1.6882632712794643, "v_group_40": 44.09710276266814, "v_group_40_error": 2.396513589022929, "v_group_60": 51.38073862331386, "v_group_60_error": 1.434022342164389, "v_group_80": 62.82412061271151, "v_group_80_error": 1.660965823267443, "c_daw_100": 61.72185666182736, "c_daw_100_error": 1.618266339022882, "c_daw_40": 40.65529264079354, "c_daw_40_error": 2.926597916301585, "c_daw_60": 44.6714371305266, "c_daw_60_error": 1.6507744675376674, "c_daw_80": 60.206054169200705, "c_daw_80_error": 2.5494321025241073, "k_100": 1483.8068500607035, "k_100_error": 34.58935023499435, "k_80": 1903.6411470663818, "k_80_error": 22.4643754129289, "k_60": 2351.969443521097, "k_60_error": 39.67200332917269, "k_40": 2518.833125641607, "k_40_error": 48.16013564671832}, "30pa": {"v_group_100": 66.05921043365586, "v_group_100_error": 0.6900627997497397, "v_group_40": 37.252214197842754, "v_group_40_error": 1.1538382959997002, "v_group_50": 44.639444256248844, "v_group_50_error": 1.4592519718319188, "v_group_60": 51.54908045080799, "v_group_60_error": 0.8232741634629641, "v_group_80": 59.31455937247151, "v_group_80_error": 0.8658682876098276, "c_daw_100": 57.84120318727904, "c_daw_100_error": 1.0334765873534766, "c_daw_40": 37.766450627713056, "c_daw_40_error": 1.7017911632473863, "c_daw_60": 47.041541135359324, "c_daw_60_error": 1.776731108169756, "c_daw_80": 52.869811464447, "c_daw_80_error": 2.1327296407632743, "k_100": 1511.5262671794549, "k_100_error": 28.734481516154446, "k_80": 1744.4094388795393, "k_80_error": 28.240610358908334, "k_60": 2031.7112979990197, "k_60_error": 62.22902807392523, "k_40": 2258.1611856270956, "k_40_error": 33.49335627456078}}