{"15pa": {"v_group_100": 90.6602592365529, "v_group_100_error": 4.978727767587955, "k_100": 1027.9320900440828, "k_100_error": 38.2923236564059, "c_daw_100": 70.3466486304923, "c_daw_100_error": 5.752403867506733}, "20pa": {"v_group_100": 59.05590867647059, "v_group_100_error": 0.9337160928704228, "v_group_30": 23.291137483483958, "v_group_30_error": 1.6746665232518345, "v_group_40": 26.70166202212139, "v_group_40_error": 0.9967573308274553, "v_group_60": 35.11705550843283, "v_group_60_error": 2.864571427969789, "v_group_80": 43.70981068912547, "v_group_80_error": 0.9181084749596597, "c_daw_100": 48.3464550515905, "c_daw_100_error": 1.2379713032163957, "c_daw_40": 27.020622965378568, "c_daw_40_error": 2.407163002121066, "c_daw_60": 32.86941164654024, "c_daw_60_error": 3.99472073016224, "c_daw_80": 39.823005835738215, "c_daw_80_error": 1.7555971631208285, "k_100": 1235.011641992871, "k_100_error": 28.98885319669244, "k_80": 1295.3191780500254, "k_80_error": 0.934112874087865, "k_60": 2153.9100564659234, "k_60_error": 8.787120687277598, "k_40": 2474.7172436272144, "k_40_error": 38.98635073594853, "k_30": 3980.5472242034616, "k_30_error": 154.3650446207038}, "25pa": {"v_group_100": 55.3293199176009, "v_group_100_error": 0.4032162351180291, "v_group_30": 31.831482558139545, "v_group_30_error": 0.39094579328616474, "v_group_40": 36.393269867194356, "v_group_40_error": 0.6729562906781863, "v_group_60": 39.27328240559071, "v_group_60_error": 0.7865999546937867, "v_group_80": 44.33264585221675, "v_group_80_error": 0.9209343039507519, "c_daw_100": 44.114571729195106, "c_daw_100_error": 2.4121969581767275, "c_daw_40": 34.010591606324795, "c_daw_40_error": 1.2030406179568418, "c_daw_60": 34.02416595520422, "c_daw_60_error": 1.003352080067065, "c_daw_80": 36.68883677608199, "c_daw_80_error": 1.8094005832074158, "k_100": 1483.8068500607035, "k_100_error": 34.58935023499435, "k_80": 1903.6411470663818, "k_80_error": 22.4643754129289, "k_60": 2351.969443521097, "k_60_error": 39.67200332917269, "k_40": 2518.833125641607, "k_40_error": 48.16013564671832}, "30pa": {"v_group_100": 51.40016958936698, "v_group_100_error": 0.42422568549591233, "v_group_40": 30.529874064833155, "v_group_40_error": 0.6592047241328668, "v_group_50": 37.3361094736842, "v_group_50_error": 1.8578899622693505, "v_group_60": 39.70980655826736, "v_group_60_error": 0.9012484574479795, "v_group_80": 46.20714760400273, "v_group_80_error": 0.6078528007965613, "c_daw_100": 43.18216234299017, "c_daw_100_error": 2.8135205118158453, "c_daw_40": 30.652305317155708, "c_daw_40_error": 1.2071575913805526, "c_daw_60": 35.20226724281869, "c_daw_60_error": 1.8547054021547713, "c_daw_80": 39.7623996959782, "c_daw_80_error": 1.8747141539500083, "k_100": 1511.5262671794549, "k_100_error": 28.734481516154446, "k_80": 1744.4094388795393, "k_80_error": 28.240610358908334, "k_60": 2031.7112979990197, "k_60_error": 62.22902807392523, "k_40": 2258.1611856270956, "k_40_error": 33.49335627456078}, "40pa": {"v_group_100": 39.742116416626864, "v_group_100_error": 0.533896864476064, "k_100": 1856.3003794352499, "k_100_error": 3.373368629758659, "c_daw_100": 34.79560507642068, "c_daw_100_error": 0.620273590623884}}