{"errors": [0.38224178805554704, 0.3894296472771739, 0.4472886338884785, 0.44834350132325934, 0.45465741646083097, 0.4582408472569268, 0.4794586324209972, 0.4852806891027578, 0.4949446072743116, 0.4971513407631854], "velocities": [67.55233012496086, 66.57546353999972, 68.20292997140645, 67.5057094111392, 67.37994190408537, 68.16745616510006, 67.00062586372229, 68.5923168685374, 65.36172557793431, 65.93178139555604]}