{"errors": [0.31198434100914124, 0.3378042173065029, 0.33813302977132803, 0.33868474955122124, 0.3459575461821191, 0.34997339969367525, 0.35038392585579003, 0.35196777577370536, 0.3526216964474563, 0.35537517704935073], "velocities": [55.355002688774924, 54.527738859536115, 55.21835344086827, 54.665727805951654, 55.42517517274049, 55.30170116672126, 55.160630913735254, 55.67251123538156, 56.05901425519597, 55.58744038006712]}