{"errors": [0.1658444903150112, 0.1787517601127077, 0.1939451154168721, 0.19413447945719559, 0.19506282266793626, 0.21232484537313834, 0.2174413255428786, 0.22337560179667748, 0.226612501323333, 0.22703113895006258, 0.23771068588599664, 0.24701128725278945, 0.24722089697593316, 0.2583764047606363, 0.2689687597351043, 0.3074316305831804, 0.31385701842903513, 0.3177553926677988, 0.3347626626533658, 0.4305787632303764], "velocities": [43.09496456032489, 41.918904134758215, 42.251616468399945, 42.21519986293636, 44.53756008126456, 42.290341635886286, 42.55742235450248, 41.958747362344795, 43.87525041233975, 45.6797021438738, 42.5439075866989, 42.01680672268907, 43.159024725845, 47.532377006101974, 47.09595051538279, 45.82290920853042, 46.870361047644856, 48.44239985276109, 41.973555236925094, 46.10505433415243]}