{"errors": [0.458587074780661, 0.4596650334882832, 0.4741831445686861, 0.4814924867938629, 0.48393265741259306, 0.4941528155220826, 0.5000333758867402, 0.5037273486741483, 0.5055324205153211, 0.5245127064328273, 0.5311166421224783, 0.532049773444251, 0.5394342545941864, 0.539454877008325, 0.5542053081866196, 0.564808865978493, 0.5733279741763633, 0.6100320134776643, 0.6154812329444944, 0.617594346440294], "velocities": [51.97629411764704, 51.87529285714287, 51.937777089783275, 55.004400000000025, 52.24945510835914, 50.20504210526316, 54.483000000000004, 54.16125000000003, 54.50066470588238, 51.44387368421052, 53.20212857142857, 52.340102941176454, 53.13000000000002, 52.81116176470587, 50.58923839009288, 52.30081114551084, 51.73517142857142, 53.4534, 53.23595588235293, 50.92004210526316]}