{"errors": [0.39841793547987764, 0.4261899455167697, 0.4353314394429319, 0.43850183447935975, 0.46101229082364176, 0.4637699163566535, 0.4678184849657338, 0.5344845631581017, 0.5350381623979902, 0.5405347201725185], "velocities": [68.96070936343428, 68.71784797050276, 69.89746045045585, 69.22308640401208, 69.01925630637312, 71.55629050038989, 68.24947242699197, 70.16321400784864, 70.85859060842603, 69.82692532396284]}