{"errors": [0.3127361140175652, 0.3440241212267217, 0.3467232291345725, 0.36002450730397956, 0.3614979279486828, 0.3631230951943554, 0.3634360514597312, 0.36460628311799337, 0.3777970792952313, 0.3879812562817483, 0.3899095220990608, 0.3902871203783809, 0.3916421884413393, 0.3925049857181293, 0.3979774211953042, 0.40477055196649026, 0.40848776997954905, 0.41212899415970383, 0.416148360792479, 0.42046979410602686], "velocities": [52.886906832298166, 53.52071739130435, 51.742099378882024, 53.4732391304348, 53.735217391304346, 53.262978260869566, 54.14641304347827, 53.38082608695653, 52.80176086956522, 54.21678260869566, 54.26171739130436, 53.42830434782609, 53.38421739130436, 53.86239130434784, 53.53464596273295, 53.855366459627355, 52.76445652173914, 52.09976086956522, 54.35340372670811, 53.16463043478262]}