{"errors": [0.2040743731944443, 0.21545174560380562, 0.2177801934213793, 0.22083440328692722, 0.22149532968670496, 0.22759900420772528, 0.22812066316717958, 0.23131762592940688, 0.23279097320741637, 0.23571268104507204, 0.23617048791792475, 0.2369800378836932, 0.2391783875962689, 0.24131573468756676, 0.2428357672063144, 0.24396557821810635, 0.2457791829406331, 0.2469589738240567, 0.249415608706809, 0.25018121414370115], "velocities": [39.297060483870965, 39.51262983870968, 39.50259677419355, 40.345720161290316, 39.31168548387097, 39.31467338709678, 39.27142741935484, 39.51304738598442, 39.463800667408236, 39.20223387096775, 39.512856507230254, 39.56986108374384, 39.12391935483871, 39.35272983870968, 38.05521680672268, 39.29391532258065, 39.476016907675195, 39.2407620967742, 39.55760564516128, 37.547889075630245]}