{"errors": [0.22865841706806606, 0.2293929597984751, 0.23233720430403293, 0.2348265439301649, 0.23685612367624487, 0.2390708233405586, 0.2393609223402485, 0.23982788167561117, 0.24888599363078678, 0.25324725315436614, 0.2627949249111795, 0.27068779948587907, 0.2886915958129258, 0.29395738137240074, 0.2958653720150954, 0.3042708567146802, 0.3118975320424469, 0.32477591622354607, 0.3587328782081608, 0.36944049564732234], "velocities": [34.588106666666675, 35.07856, 34.400960000000005, 34.25194666666667, 34.68373333333333, 34.87528, 34.2496, 34.35490666666667, 35.05744, 35.75616000000001, 33.24933333333333, 33.85976, 33.79552, 34.82922666666667, 36.60741333333334, 36.71741333333334, 37.529066666666665, 35.23168, 39.26706666666667, 38.998960000000004]}