{"errors": [0.23276515123616562, 0.23464916092653754, 0.23938556500008176, 0.2623075401887776, 0.2777193985865492, 0.2824601357630086, 0.29083553949962715, 0.3012276996142537, 0.3032302613845644, 0.31390556763559174, 0.31676173227485654, 0.3218930873207275, 0.35307961928056486, 0.3656846896640012, 0.36716515850959497, 0.37381986552840724, 0.3749457925553593, 0.38611990237086724, 0.3909827461451094, 0.4020047364694095], "velocities": [38.809339849624045, 38.728700751879686, 36.027085714285704, 35.876657142857134, 35.83542857142856, 37.184828571428575, 35.921228571428564, 36.129599999999996, 36.882387969924814, 36.04825714285714, 37.17034285714285, 35.940171428571425, 37.053342857142844, 39.55078947368421, 36.66175939849624, 37.91134285714286, 41.18754179566563, 39.10319504643963, 39.09318947368421, 35.60699999999999]}