{"errors": [0.4104172771238984, 0.4144389804006804, 0.41466132783633536, 0.4157187478271843, 0.4231359845396073, 0.4404624246439844, 0.4425395521989793, 0.4426672968948038, 0.44568975973211467, 0.44937288241947887], "velocities": [46.026497185381196, 45.960135912690895, 45.91539460214405, 45.74273518224846, 46.191949951228956, 45.810898118450716, 45.736429359956624, 46.784997523913766, 45.81630310898658, 46.1784374748893]}