{"errors": [0.20686023036538695, 0.20746682871368552, 0.2306244407758044, 0.23883478257452329, 0.23891384930124512, 0.24106564787762663, 0.26615604536997284, 0.3146889041328211, 0.336002277339376, 0.36345114659302097, 0.3672294493869917, 0.37965548394039195, 0.4972170295184894, 0.6788960340300164, 0.7758715836679376, 0.9397860758105465, 0.9444271087429927, 0.9796598696945464, 1.0330127382991041, 1.0567302343432392], "velocities": [17.83057500115121, 16.598121309570942, 18.89386813717588, 18.548576271442943, 18.55501312380838, 25.27611068309551, 24.133851688994103, 17.23408966564293, 15.587708330922716, 21.343141233793506, 17.489056268292856, 23.93446545686161, 19.021202027208577, 15.317808149106165, 23.626317877629223, 19.844147266658474, 17.85696702171356, 19.022310252082598, 18.784138327051746, 20.362808755488892]}