{"errors": [0.40634949489678174, 0.41420489209938655, 0.44217270048067775, 0.46862985741084673, 0.4755018776880723, 0.48581696453697604, 0.49118096197195776, 0.4935299528691128, 0.5030980936476742, 0.5095972762697009], "velocities": [69.44361322241507, 69.40513951705525, 71.04525932702364, 68.20390493859881, 67.85906654241084, 69.64669986681035, 68.44106652332887, 67.3959571260427, 68.53895453374517, 71.07945817623236]}