{"errors": [0.32320345094327696, 0.33897611170843256, 0.39918415126888546, 0.40172285995712664, 0.4388417365516264, 0.4444078822017392, 0.4500157926332001, 0.4578343030340651, 0.4595410908005958, 0.46165022528148036, 0.47258892552360937, 0.474026942897065, 0.48088147642119483, 0.4862344394051688, 0.4956939660213694, 0.49819107432130283, 0.5174775862675491, 0.5179795194513594, 0.533419694622729, 0.5666639807176287], "velocities": [36.20316532258065, 35.497169117647054, 30.923487908961587, 37.55514435483872, 37.982199777530596, 33.16704978662873, 38.853943047830924, 31.5129815078236, 33.45242389758178, 32.00953058321478, 35.106860504201684, 34.25174999999999, 33.87809558823529, 32.4096614509246, 31.733889046941673, 34.991979831932774, 36.249556451612904, 35.36210294117647, 37.53058064516128, 38.628515239154616]}