{"errors": [0.17825462511191545, 0.17933825809738685, 0.18048187930712142, 0.18239237239296804, 0.18852630410931595, 0.18861965969215327, 0.19108863047883415, 0.19347390747567844, 0.19508598819637324, 0.1967098387423337, 0.1976164374608484, 0.2011596088645969, 0.20121195496279942, 0.20171392318431197, 0.20188143892057914, 0.20321467416969002, 0.20807783450028233, 0.20974601366732304, 0.22004447801299934, 0.2205222422351705], "velocities": [43.4196435483871, 43.65178790322581, 43.83515080645161, 43.84276209677419, 43.62152169076751, 44.56697142857143, 43.58605403225806, 43.762843548387096, 43.241124193548394, 44.21019176863181, 44.478949054505016, 43.49935928809789, 43.64071693548387, 43.89465725806452, 44.2096191323693, 43.359254282536156, 44.418058731924354, 43.39762091212459, 43.38006006674082, 43.308289655172416]}