{"errors": [0.19976083318326973, 0.21066651974511014, 0.21563124181375962, 0.21756105902932335, 0.21776731007417827, 0.220192825056843, 0.2256520508324517, 0.23094012094385777, 0.23096336748732896, 0.2309976798219039, 0.2369305022995611, 0.2380067829099257, 0.2400935049658557, 0.2506332030398449, 0.25085756597343206, 0.2551129147259579, 0.25946981827301174, 0.26051132879955124, 0.2651219397187332, 0.2703896889820097], "velocities": [22.56757232704402, 22.26323899371069, 22.36333584905661, 22.364867924528298, 23.341999999999995, 23.083742138364777, 23.485968553459113, 23.95115094339622, 22.672371428571434, 21.588047619047618, 21.344885714285713, 21.129642857142855, 23.63320088790233, 24.494570477247496, 24.768264150943384, 23.564490566037726, 23.005911949685526, 24.341942857142858, 24.072533333333336, 27.78501109877913]}