{"errors": [0.13153929903158396, 0.13317727537160226, 0.13462029535329817, 0.13510031526297267, 0.13713151201734103, 0.1374726397870994, 0.14371435843947564, 0.1446079682421334, 0.14782274090664965, 0.1652680770111205, 0.17132268157711508, 0.1722181232733679, 0.18143558111122485, 0.18628230776205562, 0.19058242427122365, 0.1921974156426063, 0.19275477447921802, 0.19779259766460264, 0.20638853980612012, 0.21996856631111206], "velocities": [27.127448780487807, 26.897253658536588, 27.05495226480837, 27.055251219512197, 26.882455400696866, 26.949421254355403, 26.747327874564462, 26.903083275261327, 27.188734494773527, 25.545231010452966, 26.992689733408966, 27.41504320557492, 26.120645814763797, 26.56323782513573, 26.62275066850337, 26.598000000000006, 24.704991005591125, 25.828087351106078, 25.85693995624342, 28.979695648650843]}