{"errors": [0.2541187695280699, 0.26833761014199703, 0.2689265727112994, 0.2693201655582468, 0.2787013058413831, 0.29117023399366543, 0.29194561646782274, 0.2984953690124447, 0.30130638221131995, 0.3014493424625531], "velocities": [49.95939346318415, 49.63561907593421, 50.061231568589974, 49.65593038842629, 49.39570426600306, 49.539291168174756, 49.245682096507124, 49.74039327205672, 49.20184183786086, 49.810376804207635]}