{"errors": [0.1359616855059295, 0.15178799313408553, 0.15534177888817494, 0.15605387716573105, 0.1561063139797138, 0.15807282242910722, 0.16422664568272716, 0.1648230212827558, 0.16788383335840537, 0.17008446206285222, 0.17424231250170222, 0.18005953278012302, 0.18102365442788249, 0.18331185661106653, 0.18351006016099222, 0.18658933136477138, 0.19228158637719883, 0.22398962677798986, 0.2255151323283794, 0.23068801269559785], "velocities": [39.38575403225807, 39.60780241935484, 38.76112499999999, 39.45148790322582, 38.7918088235294, 38.63150735294117, 39.88696693548387, 39.774181451612904, 39.77867903225807, 39.85375403225807, 39.00613306451613, 39.38449596774194, 40.283815795328145, 40.44639677419355, 40.91084274193548, 40.323232258064515, 38.82733064516129, 39.48671370967743, 40.15647580645161, 41.447627419354845]}