{"errors": [0.18783245245515198, 0.19431338543738877, 0.1965649300800637, 0.1999413179531417, 0.20011880071240068, 0.205831329356534, 0.20853629720760158, 0.2092988582285188, 0.2150890599893399, 0.21542943853122343], "velocities": [30.409090541818063, 31.049780174897112, 30.824092079646338, 30.840537215922687, 30.570021318782626, 30.61208843770682, 30.34188543915521, 29.7815436576018, 30.748248654766105, 31.64929632193348]}