{"errors": [0.3430866211594239, 0.35500418739855794, 0.3714223026381161, 0.42347818347683647, 0.4325408451779793, 0.4689088636117078, 0.4697492503599773, 0.5312612053897415, 0.5499384265187639, 0.5594484401369559, 0.5696500891618915, 0.6108083502824488, 0.6216242638001225, 0.6666824863187814, 0.6834240209170646, 0.6954498350475504, 1.215269810431168, 1.395560244468756, 1.4483110956033036, 1.7532616646742443], "velocities": [72.58272063492889, 72.05270042663066, 72.41296547762472, 73.63439720253415, 71.08515798443382, 72.39468891871789, 72.50441022659587, 71.84465742727755, 72.29779217929315, 71.56109196925523, 70.95764168712194, 70.9569122999011, 73.02024286882747, 74.11888089965773, 73.13213910351918, 71.0820830879041, 75.12569260867899, 72.16004681442469, 73.95374675053948, 72.28429006011004]}