{"errors": [0.31654640099895454, 0.3170988570767979, 0.3255282471102845, 0.3338501840859685, 0.3406134940725612, 0.34471207159393086, 0.35363721505365764, 0.35648573315711973, 0.35672421878099736, 0.357791075304655, 0.36622116867145016, 0.3805029382950104, 0.38643779702167114, 0.39692438604643904, 0.39850781486477055, 0.4061827236902812, 0.42570265830166415, 0.4272552303012612, 0.4361839358654473, 0.4702899724600025], "velocities": [43.23686009852216, 43.52680492610837, 43.777865024630536, 44.04498620689654, 42.8398883415435, 44.06569655172414, 43.433397044334974, 43.29138325123152, 43.415645320197044, 43.81693760262724, 44.44223973727421, 42.94987389162561, 44.206958949096865, 43.34543678160919, 43.86535566502462, 44.53949852216748, 43.9697527093596, 42.66204236453202, 44.28883381535039, 44.47675697865351]}