{"errors": [0.16128692616392393, 0.16282222760946227, 0.1662691680154258, 0.17400975214660738, 0.1862123401880966, 0.19176930596232433, 0.1993934349312878, 0.21289977071773497, 0.2162180617830105, 0.22172307646054895, 0.2230638764016175, 0.223615025728215, 0.22397446557868772, 0.22438827176499926, 0.226039886450059, 0.23453230389359417, 0.23853148469605007, 0.24595413738461133, 0.2722647218776643, 0.283285059461575], "velocities": [41.301875205254504, 41.30868472906403, 41.3749014778325, 41.71255993431854, 41.37560591133004, 41.14009031198685, 41.96662561576353, 41.96500000000001, 42.06452380952381, 41.87974548440065, 41.83536617405582, 42.404999999999994, 42.7137947454844, 42.74032840722494, 43.154906666666676, 42.5275894909688, 43.868880000000004, 43.02257142857143, 44.48598, 48.158047826086964]}