{"errors": [0.306501659522252, 0.3084628599758881, 0.30919463121464547, 0.3105808319246718, 0.31259669493001097, 0.32830143247378907, 0.33187804682161315, 0.3429747076050526, 0.35773118505727985, 0.35805715292704027], "velocities": [56.64507876489444, 56.69872029319035, 56.84675697842257, 56.09178328072338, 56.709973760665015, 56.81058511868257, 56.49615787864636, 56.15480269858152, 56.59181235218102, 56.37762135457988]}