{"errors": [0.1911343428448188, 0.19367677599677366, 0.19440715929532892, 0.21972510417305902, 0.21990133247268406, 0.2201924180013428, 0.2224905417028583, 0.2235468097347628, 0.2238169117801401, 0.22812360641563253, 0.23385593397896642, 0.23571648846015256, 0.2399237831700389, 0.24154012748569942, 0.2423758918629151, 0.24929067282953088, 0.25196810415192034, 0.25201072108301953, 0.2592669130867954, 0.25939976262446107], "velocities": [36.47905087108015, 36.37411777003484, 36.306852961672476, 35.999228571428574, 36.3691850174216, 36.268851219512186, 36.59820731707316, 36.09489407665506, 37.5197012802276, 36.714213371266, 36.89400000000001, 36.31424634146341, 35.86126097560976, 35.44332229965157, 36.68761621621621, 36.26778146718146, 36.83755263157896, 36.484950213371256, 36.61506718146718, 35.7352975609756]}