{"errors": [0.1576018413016394, 0.22226232193496998, 0.22764317904112646, 0.24358596120182288, 0.24861258409473683, 0.25819475483913124, 0.2616720451710199, 0.27658751854442426, 0.2787927793438201, 0.28014301011153836], "velocities": [51.04240198839047, 50.11804178876337, 51.24251481981108, 50.80883376100481, 49.528855093156544, 49.675067564411236, 51.510777531901255, 50.7871497080645, 50.729532081680226, 50.40117356572691]}