{"errors": [0.2819236546205449, 0.2821534050691743, 0.2864706383214755, 0.2882485556400187, 0.28835776199802726, 0.2922777519349082, 0.29335465237955927, 0.30049226103250076, 0.304130987971535, 0.30456648525335384, 0.30750010461570687, 0.31007781105901633, 0.3142308945501439, 0.3267308308667674, 0.3578701569030259, 0.3584340199597093, 0.3616598287987788, 0.3695261117801803, 0.39320335750251795, 0.3952598643884829], "velocities": [48.94970666666667, 48.88752, 48.85613333333334, 47.65024000000001, 48.009280000000004, 49.057653333333334, 47.68690666666667, 49.59709333333333, 48.96642666666668, 49.24832, 49.23101333333334, 48.96848000000001, 48.09082666666668, 49.37328, 47.25424433497537, 47.05813004926108, 46.74198029556649, 50.44981333333333, 45.08346206896551, 46.918229556650246]}