{"errors": [0.2175702879622744, 0.2499972034581882, 0.2530923959174186, 0.2548454479458124, 0.25828510271325994, 0.2643259934279675, 0.2715528572588214, 0.3018600394937858, 0.31711840205337494, 0.3304858478203762], "velocities": [51.23390528943183, 51.4849370720974, 51.159316420036944, 51.35461674473274, 51.54979695852773, 51.83986478395231, 50.37751456674976, 51.857719731320806, 52.226136821265214, 52.40699611996519]}