{"errors": [0.3737550032948965, 0.4194566818918152, 0.4401463711859189, 0.4453594810478114, 0.45549489996669995, 0.46239234906350357, 0.47321644652625733, 0.47419721935123477, 0.47530216217617327, 0.4756622784481405, 0.49206327088503404, 0.5610179000886386, 0.5769541985237883, 0.6206563903201093, 0.6732612078013419, 0.8217383973850925, 0.834201783888198, 0.8555666436411818, 1.2338097355242956, 1.2889099680695852], "velocities": [77.89533470434012, 76.14704059326048, 77.10044968751507, 77.0744064462231, 76.05461539454491, 77.25897376494456, 75.84924179066077, 73.68085887439297, 74.71278591475398, 76.82416486685223, 74.47461157637927, 74.47574389121806, 73.24111043663382, 73.6658961425948, 75.2649673338492, 78.59170833019115, 77.98705220628149, 78.8487437985947, 76.29425769822846, 78.02583398950976]}