{"errors": [0.1076350595262696, 0.1100317423416483, 0.1105197436561825, 0.11411934292787228, 0.11488343513832212, 0.11600810640149407, 0.11765375082802783, 0.11813010022476574, 0.12091575769260876, 0.1213737176281206, 0.12157809824703178, 0.12312962744652718, 0.12584335988057047, 0.12622630067736942, 0.12673278994770892, 0.12866515031569392, 0.13128845148959808, 0.13132778243909604, 0.13541973243786173, 0.1390632557383649], "velocities": [31.141590194264573, 31.288327243293256, 31.013505319148944, 30.674198545375592, 30.95397710453285, 30.874110083256255, 30.748108695652185, 29.810607442977197, 30.85476341350602, 29.774392220888366, 29.641644273709495, 30.440278983933986, 30.681230568823267, 30.924510638297882, 30.98959481961148, 30.780948427382057, 30.17911615284411, 30.368747937472858, 30.144429183673477, 29.313400048019222]}