{"errors": [0.1916134064123012, 0.19585357685453544, 0.20311163075175995, 0.21320854750261706, 0.21380821903755162, 0.21812552712011665, 0.2184514020144134, 0.2193826862760841, 0.2222857720284516, 0.23797393612610498, 0.25940563104691583, 0.26224778720161035, 0.2910063868135338, 0.3086093144980485, 0.32268731406819173, 0.32788516382822713, 0.36604409747760086, 0.3736434437790939, 0.38233345951822056, 0.39026186741299307], "velocities": [26.3872099362393, 27.188710709640716, 27.087400094352674, 25.788139241309654, 26.992588650611413, 26.41435353505232, 25.77667011505062, 26.416456208199808, 25.655670833017926, 26.514126985673435, 27.87593930022394, 27.685338155812914, 24.738450700829958, 24.893592661319254, 24.38208275340166, 21.043813152283168, 22.028887052418767, 22.273592248939963, 20.26467514155382, 22.05151736993594]}