{"errors": [0.46673660521724947, 0.4805157408362009, 0.4856939630640943, 0.49507394569284974, 0.5074696527226014, 0.5708354862567669, 0.5763822408227087, 0.5829107781353204, 0.5882133428931242, 0.6207987887307265, 0.6431197364168341, 0.6440934766483132, 0.6621042341777014, 0.6753241460277497, 0.67680800594758, 0.6897900202879647, 0.7201451672658186, 0.756036147763565, 0.8627346992199689, 0.9700818524366809], "velocities": [74.85558110969566, 75.44836116264688, 75.6464294976474, 74.65038801444332, 72.9085716265648, 74.09180681070082, 73.20336170687855, 74.34319835137548, 70.99538600526093, 69.58784315168663, 70.07344202867574, 73.93078722900974, 74.98090189265132, 72.36793981882509, 70.6761967459795, 70.60265682929332, 72.77217621627034, 70.51090230813733, 73.18493732685896, 74.14657996758407]}