{"errors": [0.33235693569377067, 0.3389238286717208, 0.35362171638564965, 0.3652847080762937, 0.3703824916152513, 0.37446388549097137, 0.3785620609108161, 0.3829032547802197, 0.40120942316638836, 0.4266627443322815, 0.44197744868002703, 0.4574071114620878, 0.4982199263074857, 0.5088933507891703, 0.5294505671598828, 0.5384961625025191, 0.5421734844242044, 0.616036184833508, 0.6931756101074323, 0.6993424471416234], "velocities": [64.61392411101889, 62.864237879264934, 63.60474828717666, 62.795933112502944, 66.51149558382578, 62.473924926339286, 65.7406275017976, 66.48655892294443, 62.55524012486546, 68.61949530180918, 66.78905146146181, 67.33982640614578, 62.49777738457363, 65.866240122759, 66.37380184765479, 65.0580568833424, 68.17652107745704, 65.40529911168488, 71.14661678591037, 71.15219268523788]}