{"errors": [0.10284196945796076, 0.10797106797276365, 0.11078732656996679, 0.11491875369003349, 0.1151138762685375, 0.11879360636114322, 0.12423852070315052, 0.12466296261358274, 0.13721923244640075, 0.14096148980485906, 0.14169147527817536, 0.1438148220730844, 0.14674280606240594, 0.1479185986211636, 0.14897514659762998, 0.1516455344803506, 0.15366735972058673, 0.1549507948874207, 0.15637253937045004, 0.15910838323405704], "velocities": [31.81376411960133, 31.619411960132894, 31.859112956810637, 31.864166112956823, 32.02159136212626, 32.36974086378738, 32.4279169435216, 31.685102990033222, 31.542448504983398, 32.19210299003323, 31.964970099667777, 31.60878737541529, 31.87971428571429, 31.6869169435216, 31.893448504983397, 31.641049833887045, 31.854707641196015, 31.631591362126247, 31.53545182724253, 31.537654485049835]}