{"errors": [0.1386598527099508, 0.14390011929298566, 0.1483486979717944, 0.15616851269086962, 0.1565060387284351, 0.15658495726870653, 0.15941120823094365, 0.1601119282908132, 0.180154343533583, 0.18637770736229764, 0.18900676258823737, 0.19455449499386146, 0.20035574383221458, 0.2102702085564185, 0.21226741625845544, 0.22973569177079856, 0.24354941484500364, 0.25213450186534136, 0.2702957356896239, 0.2840965583131599], "velocities": [37.581186320682114, 37.19840293437475, 37.035459345028336, 38.145449094713584, 38.54666290479325, 38.308780153468796, 36.8127399843312, 37.36482185926481, 38.218201746595405, 37.22848941065261, 37.53269576428332, 38.639728842891884, 34.77977173359159, 37.35324477303983, 37.65403462240722, 35.66498559721656, 37.34909260173885, 36.8076759239676, 35.66170885227541, 37.16115149153803]}