{"errors": [0.3340822149980838, 0.34107941151334187, 0.3525308111426047, 0.35356004977541294, 0.3539891899804129, 0.35607553502019207, 0.36391171204509626, 0.3658300166381694, 0.3687012801527481, 0.3869189882440638], "velocities": [54.22764639354502, 54.07693031129504, 54.08965744712948, 52.43847903492408, 53.9918594559806, 53.708513221350636, 53.687078045208416, 51.820208173071904, 52.25025139442521, 51.07868504840199]}