{"errors": [0.33309031802756944, 0.3333280810810468, 0.3349090217883053, 0.3365425598050156, 0.34108530142467086, 0.3412071518821027, 0.3446235465221772, 0.34910427063574334, 0.35344081414004036, 0.36234945818556735, 0.3646005169114836, 0.36890378682697356, 0.36964179278313236, 0.3754638665883684, 0.381941387777126, 0.38205030554038244, 0.38450710463492155, 0.3982047638574439, 0.4055962977912547, 0.41468132979635786], "velocities": [53.62330434782612, 55.42234285714285, 53.617975155279524, 54.05734285714286, 54.02396273291928, 55.929342857142856, 54.3492857142857, 53.98491428571428, 53.44598757763978, 56.17706616541353, 54.56322857142857, 54.8328857142857, 54.171726708074566, 53.229428571428556, 52.99300621118015, 55.71903609022556, 55.40809172932331, 55.44636842105262, 54.98683308270677, 53.94591428571427]}