{"errors": [0.3433115263106695, 0.3585183435426156, 0.37414330690115505, 0.38209293160945995, 0.3824057943027193, 0.38525576909018133, 0.3902601531086658, 0.3945186506437318, 0.39532489879504057, 0.3964542909459496, 0.39814824118176745, 0.39842337830335856, 0.40670664282587576, 0.4083342697059145, 0.4111077668041145, 0.41360164107765346, 0.42497087085931157, 0.4258874358081311, 0.432469636940597, 0.4329623381890189], "velocities": [58.496297213622285, 56.96712693498453, 57.66211578947369, 58.788495356037146, 58.703492260061935, 59.25158513931889, 58.02337894736842, 58.02081114551084, 58.85277894736842, 59.44434736842104, 58.995778947368414, 59.26752321981425, 58.24837151702786, 58.36055789473684, 59.29532631578947, 57.087105263157895, 58.328947368421055, 57.916505263157894, 57.5702947368421, 60.04406191950464]}