{"errors": [0.16748751311243107, 0.16952511603849985, 0.1709645811581381, 0.1812071420781137, 0.18208489035925485, 0.18332184732561416, 0.19205940600461543, 0.1996100908415985, 0.23074357961142855, 0.24055165434458206, 0.25089722257006447, 0.25537679537516955, 0.26014254931015834, 0.26108774568975357, 0.2833972935900394, 0.28499574752381496, 0.2991780069408481, 0.3004466833717569, 0.3139236177319441, 0.3276235645103693], "velocities": [44.0700522991504, 43.83450650731758, 43.79586960232122, 46.114478420214965, 43.99662296191318, 44.04157030885142, 46.51024383834081, 44.39943057454578, 44.47632926895599, 44.13174772530974, 43.863747371997704, 44.639504547338646, 46.46819301197183, 46.94834834899759, 46.02132317734689, 42.906782900465075, 44.20731298009175, 45.42912284847769, 44.812432830866015, 42.121265600502646]}