{"errors": [0.155617231514748, 0.16304547374947484, 0.17190423079406164, 0.18358379462044525, 0.19090931389182558, 0.194239181073197, 0.19771350371053606, 0.19819121755202082, 0.19872908424591215, 0.19878167455295456, 0.2055735849407844, 0.2069263952397234, 0.20967923677984895, 0.21366431775972722, 0.21750558687731794, 0.22741425169433196, 0.2290979843099782, 0.22969957852576556, 0.26425409451278853, 0.2659891403126901], "velocities": [37.33591792316279, 38.504341828897466, 37.68710434737321, 38.32680563601101, 39.827878999188734, 39.89717898900771, 39.74912433221012, 35.255188662901496, 36.471836207702246, 36.840372821454565, 35.86180338545122, 38.13064569795105, 36.13917814742458, 36.309220762288916, 38.40011661985952, 35.18709536600564, 38.025274503567, 38.950035016124716, 36.24360301305273, 39.30455067773177]}