{"errors": [0.18691254401534413, 0.19525193285619122, 0.2031019671082647, 0.24040829283329163, 0.24158278583426707, 0.3101811918563729, 0.3120822361635101, 0.3213666883683283, 0.32286004102727794, 0.32888040773450306, 0.33763259395052997, 0.34985082638810233, 0.3667800616198448, 0.37027907351926065, 0.37230785285549783, 0.3727920016098601, 0.3779524227833126, 0.4156317907744318, 0.4265022673398235, 0.430067574961696], "velocities": [60.08036532507741, 60.16891021671827, 59.380749999999985, 59.55319117647058, 60.71877399380805, 59.4782600619195, 58.44283823529412, 60.530638235294155, 60.52937647058826, 59.02535294117645, 57.583399380804956, 59.68567647058824, 60.00111764705881, 60.80822647058828, 61.18927941176473, 60.30352058823533, 59.563705882352934, 60.247161764705865, 59.64361764705881, 55.830210526315796]}