{"errors": [0.08338533298122458, 0.08387316946870517, 0.0850177738184877, 0.08633765803286587, 0.0877855084243331, 0.08903739341893423, 0.09009451371666301, 0.09035665546356922, 0.09301715043596133, 0.09423374717666272, 0.09520113616524027, 0.09835336756506612, 0.09970085511439758, 0.10008152000360519, 0.10059002337899269, 0.10084617945191356, 0.10355638032130116, 0.1048795006761648, 0.10589864479460433, 0.10640872508007211], "velocities": [31.207186289603758, 31.348988153310113, 31.52970627177701, 31.15406968641116, 31.31072195121952, 31.250708532533835, 31.53867491289199, 31.306088153310114, 31.351529268292683, 31.237328571428577, 31.074398257839725, 31.654019285309136, 31.596074216027883, 30.769016027874564, 31.13299337979095, 30.8340386759582, 31.404294773519172, 31.5844149825784, 31.734340766550527, 31.15332229965157]}