{"errors": [0.43043896296930173, 0.43918756778277374, 0.4459589925477009, 0.4460329744183856, 0.5050992531779435, 0.5077765344717248, 0.5081266940204952, 0.519547942397167, 0.5249293806800989, 0.5400732275314363, 0.5465371353405932, 0.560479152328043, 0.5617696910309209, 0.6349227003227299, 0.6738036421741933, 0.7153158884464645, 0.8107802426875251, 0.8192121346380694, 0.8397849855040136, 1.01693824023199], "velocities": [73.7797423116712, 73.75923539303336, 74.6414665755193, 73.9091651305064, 75.35580123381021, 73.2834253170859, 74.23430201573717, 73.5498293960669, 73.15988816976311, 73.37078107321689, 71.70073727019086, 71.27842648094892, 75.62220531279124, 72.8549484309853, 73.84491511860627, 72.68747906632942, 71.07823321745222, 74.12155580964699, 71.8097086033055, 72.66437984361825]}