{"errors": [0.41004713219038413, 0.4331064921010224, 0.4345152430904049, 0.44564916685588957, 0.44674513592800597, 0.4502415704616344, 0.5003716815303713, 0.5244801419003802, 0.5608603453076468, 0.5676971289654048], "velocities": [73.59151234126189, 71.98981667310373, 73.51900086822948, 72.99186154125046, 73.91924511740181, 73.14881071643245, 73.81238610451194, 72.60440468786919, 75.3260631040635, 74.7913963129923]}