{"errors": [0.23246294995478808, 0.24613968266963202, 0.25260195543813624, 0.2571236195860604, 0.25717176978530293, 0.263990623854357, 0.2782108536236405, 0.2901135985010788, 0.29366192762352994, 0.34119704181362603, 0.3413416053638778, 0.34300224672899454, 0.34775770474359397, 0.3563483045148371, 0.3875177490158053, 0.40258005224656845, 0.41173573346004755, 0.42227900271774205, 0.43065723992724264, 0.46140632049050395], "velocities": [57.32827941176469, 57.378749999999975, 57.10116176470588, 57.6353088235294, 57.16845588235292, 58.56901470588234, 57.53857352941176, 57.460764705882355, 56.989705882352936, 56.33148529411764, 56.87614705882352, 56.72052941176468, 58.20310294117646, 56.064411764705866, 57.528058823529385, 55.235852941176454, 57.10326470588232, 56.65533823529411, 56.81040247678018, 60.598352941176465]}