{"errors": [0.17402582750418913, 0.1794411702601166, 0.1827345138826989, 0.18349047416726683, 0.18799008904517986, 0.190910777266373, 0.19363243898284901, 0.1961105536227202, 0.19752333981403214, 0.19778954939705043, 0.2097907919526136, 0.22120317766789357, 0.2268867668751368, 0.23243235976702306, 0.2495278183879014, 0.25875497243369644, 0.27834721222814623, 0.281815913132065, 0.2830968172946878, 0.30644239096973247], "velocities": [48.469142857142856, 48.832666666666675, 49.6094761904762, 48.706428571428575, 49.20090476190475, 48.08994666666666, 48.114586666666675, 48.12185714285715, 48.07838095238096, 48.214613333333354, 48.66242857142857, 48.69568000000001, 48.99819047619048, 48.92328571428571, 48.52980000000001, 48.89609999999999, 48.48747619047619, 48.97376, 48.84444782608697, 48.51209523809524]}