{"errors": [0.4121246434009044, 0.43790431506373045, 0.43845781624236857, 0.4645308344920662, 0.47402904535988766, 0.4751686418764915, 0.47739773884943365, 0.4801468346317741, 0.4939238406736303, 0.5027309811984961, 0.5037425310511782, 0.5134496711677287, 0.5150572157515202, 0.5236468529930236, 0.5241229468808599, 0.5302528456603001, 0.5375345155735141, 0.5407353173154302, 0.5471854041257626, 0.5561176149045575], "velocities": [66.8479453492477, 67.25525859967857, 67.13816471380086, 66.27453225329404, 68.07109940750495, 66.16194865042792, 66.6256404385036, 66.60798961941019, 66.97006993540754, 66.67191420747824, 67.35314041465114, 66.5998797836105, 69.35319072165397, 67.57943519113627, 67.13322074973047, 65.04279131007243, 68.89333391322685, 71.31315031249198, 65.54941752296992, 67.69327646907291]}