{"errors": [0.1962273463978557, 0.21676368633644055, 0.2422189616052601, 0.25219870389683535, 0.2557060821092278, 0.2613480170428953, 0.2693034869127541, 0.27814466120072195, 0.2788186153334149, 0.3169220240195687], "velocities": [63.74760282794745, 64.11663093690744, 63.99853068857277, 63.12028317638418, 63.90056436139386, 64.05548709696176, 62.366083852542715, 62.166184847010335, 62.61795040596885, 63.228573336768086]}