{"errors": [0.24853723756189786, 0.24982095557049847, 0.27558290943177727, 0.2770741970038254, 0.27786434673134475, 0.2882779099702937, 0.28946704344184454, 0.29348453120991286, 0.2946666213697962, 0.2963802512121707, 0.29901656372303786, 0.2999185506774025, 0.3015691568862251, 0.30245620428815206, 0.30506043688680495, 0.3073610137553691, 0.3141360587738835, 0.3156865819623212, 0.32101456527909816, 0.3265377347573049], "velocities": [43.57085333333333, 44.25080000000001, 44.91247619047619, 43.84180952380953, 44.517, 44.54954844006568, 44.90776190476192, 44.96258128078817, 44.78525333333334, 45.16639737274219, 43.62442857142857, 43.383100492610836, 44.070400000000014, 42.947760591133, 43.81461333333334, 44.73714666666667, 44.075680000000006, 44.96770666666667, 44.406313628899824, 45.16128571428572]}