{"errors": [0.3510638986753152, 0.35971059846541015, 0.3732565301047622, 0.3847918822171432, 0.41393518016421627, 0.4230924621576774, 0.4337244772744424, 0.4524059861451443, 0.4543909583867349, 0.4670671027847355, 0.47704628951897277, 0.4980136040924693, 0.504053958003555, 0.5164275087009221, 0.5339497219218957, 0.5501456550141232, 0.5706817916933227, 0.5751332503861781, 0.5800547413594307, 0.5859879164857734], "velocities": [59.63144272445821, 58.804433436532506, 59.52341795665635, 59.64029721362229, 58.38942352941179, 58.89076470588233, 58.92839628482973, 58.928617647058815, 58.85922058823528, 58.9727794117647, 58.177867647058825, 60.579758513931885, 58.670797058823545, 58.78561764705881, 58.739795665634674, 58.55119504643963, 61.15142647058827, 57.91809907120743, 58.707919504643975, 59.41397647058827]}