{"errors": [0.14482110211000893, 0.14583213946240867, 0.1548845784721399, 0.20336293866720465, 0.2161063844499705, 0.27225222128241017, 0.29637060888239347, 0.3104246778266405, 0.3311221367250936, 0.4052286073601469], "velocities": [38.12817956387249, 37.29069202648464, 37.78638443643429, 39.37533553186595, 31.757803512539304, 29.61211603285383, 27.41013092806552, 26.687206342735593, 23.902677823247327, 20.406473518688628]}