{"errors": [0.45976845294369517, 0.48677269740356405, 0.4959253792375555, 0.5057316888794314, 0.516148209189772, 0.5222796164872617, 0.5580222650650083, 0.5853620022994356, 1.2792954604756837, 2.274480387426616], "velocities": [-63.04129731872815, -65.32335189783892, -61.60079141791896, -65.73790561301712, -68.30961202058437, -66.71334581682484, -66.55127473593124, -69.97342378698313, -75.57692307692307, -93.1909898011593]}