{"errors": [0.1289499606272532, 0.14799232610713633, 0.1634300096995511, 0.1672663565641306, 0.17007839517309795, 0.172244133724414, 0.17607454032698866, 0.18124561905393233, 0.20510670931101257, 0.22761802633938066, 0.23563912171413365, 0.29006673247435055, 0.39356961657938555, 0.4527390932267285, 0.551805091765488, 0.5654736187523794, 0.5971716585868754, 0.7216059545489513, 1.162304445259163, 1.3890083767899088], "velocities": [48.753994426975495, 48.47572666615538, 48.242579952450335, 47.68714265367163, 48.36145409924075, 48.3853229860491, 46.75107478724928, 48.21861218473268, 44.85426890773871, 45.11870110467554, 45.23139493806898, 32.07558498593289, 29.965634336731583, 29.869195346447803, 32.16279801845685, 33.81927868992992, 32.11357989523491, 34.36022438068025, 32.64232942199043, 29.34369459793193]}