{"errors": [0.252643498435979, 0.2578810001013387, 0.2842480948907042, 0.3097706016995473, 0.33477440357069754, 0.33789346940618403, 0.427740685520273, 0.4341083763223399, 0.4370751896100221, 0.4471019488393043, 0.4906443292889301, 0.4926593894212101, 0.5149768444761887, 0.5187306546258352, 0.553745236525482, 0.6130473956204636, 0.6476824087551878, 0.7562677243118886, 0.7602378266973749, 0.9326871244144562], "velocities": [-54.82474101906505, -54.08930512399179, -55.25538054115116, -55.93642660059693, -57.7752296317531, -57.805517304926084, -59.94229131793185, -59.35829378872346, -60.245381343134646, -60.779041612703445, -55.82762034493792, -59.40935012348824, -63.41408478559136, -62.95571190972904, -60.667702419771814, -54.86115466428347, -52.429099827601945, -67.01036451259465, -57.28252170900973, -72.07442588798526]}