{"errors": [0.5877213687342167, 0.635711316826982, 0.6413848011369625, 0.670546735897117, 0.6879094071976003, 0.7353161456411019, 0.7526758662335555, 0.7637643267527576, 0.7915649878748022, 0.7995914538905572, 0.800194546600681, 0.8187307942166915, 0.8524836309214591, 0.877900299071057, 0.9411496497496633, 1.325817917640387, 1.340671596246912, 1.3571635752430669, 1.4313983071781775, 1.451157634366175], "velocities": [69.97395260107126, 69.38426574911853, 69.79235453811724, 67.57253302748394, 75.84131662982068, 71.73360353721444, 71.49826162538027, 68.6006084311169, 70.82324455205813, 71.69753913490096, 71.65287733637035, 67.71483794231344, 70.36466358500257, 66.5346352247605, 70.35144566301098, 84.47779192068067, 79.91112302092408, 53.15782719347886, 43.972186006084314, 76.08081552444116]}