{"errors": [0.23784065476582839, 0.24417330865401793, 0.24587622393365716, 0.255363838080435, 0.26709842142587753, 0.26880352924793605, 0.31930964646309395, 0.33487579642649584, 0.33753481259434137, 0.34239827003351386, 0.3424460654379908, 0.3521332355822019, 0.37855967661716333, 0.4152388583117462, 0.43123775819651333, 0.5497451737329677, 0.5520011581082181, 0.5600311508367002, 0.5981733994140574, 0.6242652920602179], "velocities": [-55.080146014410076, -54.42690603313384, -55.13304311988047, -55.31465651532881, -55.566618061326395, -55.594634629269855, -56.29608947798376, -54.870741311419245, -55.651708253206074, -54.73099142787747, -54.70302154377833, -55.01238239708873, -55.02114164904858, -52.20059142014209, -57.87735454664894, -53.243912281737835, -59.04667202459877, -53.381710269887165, -52.30904378796072, -59.51053330568217]}