{"errors": [0.13760671771635816, 0.1516987214364595, 0.15253569357571306, 0.15453328797929158, 0.15875327519429958, 0.16550327708949852, 0.16593112500037976, 0.17138628043175835, 0.17181292138766868, 0.18693046456843262, 0.1988649107082041, 0.20180096865557332, 0.2037882363087291, 0.21778854392558378, 0.223627205593499, 0.22892503414947077, 0.25151192653580595, 0.27351035578695515, 0.32679483041008617, 0.34947725373987515], "velocities": [39.40450904016729, 41.699023013774415, 41.63431031955893, 40.260545424078195, 40.99642067586062, 41.28839172216504, 41.58594997459004, 41.669710452541075, 41.89030895632377, 40.829180437575104, 41.882710425589245, 39.26615110407484, 38.5079609655881, 35.04561293226548, 35.463618302601354, 33.480655408621516, 34.04339598725192, 30.83512466691102, 32.192274437237664, 33.29921589558003]}