{"errors": [0.4068643876374098, 0.4228619428635809, 0.4269834101704361, 0.44997998059386946, 0.45145163305833425, 0.4706122447078393, 0.47082222765995824, 0.47275738092513836, 0.4827161718345432, 0.486255643525724, 0.6323411621419044, 0.6448471802416471, 1.1163104134246085, 3.0091303297232366, 3.563921392008558, 33.622629195956996, 102.59518916084332, 146.30414312617702, 147.83427495291906], "velocities": [-54.21981731923855, -55.05054233351047, -53.3762967774956, -54.194226264296525, -54.17675544794186, -52.9250083663064, -52.98898600366147, -54.156577885391435, -52.95355223528021, -54.655357388925, -55.593832355652154, -55.46308333997896, -78.76941607216297, -75.29899479052023, -107.16807909604519, 32.99948638931693, 724.0112994350281, 831.2146892655369, 853.1073446327684]}