{"errors": [0.317580316665934, 0.32267735723104174, 0.3231370881250567, 0.3280050651444721, 0.34851986969225907, 0.36913956913705387, 0.3725773608076257, 0.39213365060445277, 0.3960401101087237, 0.4018696280205118, 0.4107965618879624, 0.4207053057627135, 0.42467444971047047, 0.43352256417310264, 0.4455254538750863, 0.44752954840697295, 0.45736256540823583, 0.4637804593851795, 0.48901341009341154, 0.595133762341624], "velocities": [51.15285247146831, 50.53221976582331, 50.64441273773499, 51.30607253171105, 47.53396692513553, 50.54066908125454, 44.19898631565955, 50.006097444125636, 51.193356921731464, 51.20502917191483, 51.618697202666844, 49.779296278927845, 50.8586072392341, 46.99871060453946, 45.70334889052651, 44.44662874636112, 56.412543745282385, 48.079705536299194, 47.62740248045536, 49.48642099193221]}