{"errors": [0.6806682758883148, 0.7078195036329433, 0.709945314263055, 0.773195295804629, 0.8111367045443398, 0.8300375472360009, 0.8911182805310492, 1.06977601334597, 1.1183181161630036, 1.4614727304165123, 1.462893454060728, 1.895335005420947, 2.260996553602846, 2.48322084393811, 3.519785857043992, 3.786726792939679, 4.4033655774342435, 6.709039548022611, 7.179849340866281, 8.416590425703125], "velocities": [92.79037886340977, 91.40495181123302, 93.22033898305088, 91.14115985377201, 88.50739448321704, 89.27176802924564, 88.94774011299434, 92.36041874376872, 88.86257892987702, 91.06222997673646, 92.06131605184449, 81.481371735609, 76.14772233416302, 89.6083678788197, 77.01894317048851, 75.27744148506861, 98.3821263482281, -14.830508474576355, -57.203389830508605, 59.72558514931391]}