{"errors": [0.27466805479859624, 0.29201399243653015, 0.29989156401968375, 0.30815293137797906, 0.3133461333882177, 0.3171651665779224, 0.3333710110890489, 0.3384168461613568, 0.38744580461588485, 0.405724010983102, 0.4690646155624706, 0.47478375649176024, 0.4956691138803912, 0.5009602552556316, 0.5323018315772229, 0.5582062900963559, 0.6467000863282681, 0.6916433359961531, 0.7373590583861188, 0.7487965853734193], "velocities": [49.99102804650086, 49.96533167482854, 51.01801184994713, 49.65375228000857, 51.27244948267541, 50.38527136239549, 51.5691336925599, 51.40267346793005, 51.8648597326532, 52.18950507917095, 40.2786228209957, 51.81851915729838, 51.94421361263112, 52.09752077921852, 51.68968887355816, 38.31079351955749, 28.680594358560477, 44.30539131958131, 19.6149551141006, 57.54061721595876]}