{"x": [0.4443061632273952, 0.8453006982140724], 
"y": [0.24070138150903297, 0.1904888416578109]}