{"x": [0.39999999999999997, 0.5785714285714285, 0.7785714285714286], 
"y": [0.6373134328358209, 0.6283582089552239, 0.5268656716417911]}