{"x": [0.40714285714285714], "y": [0.39850746268656717]}