{"x": [0.31785714285714284, 0.4464285714285714, 0.5178571428571428, 0.7178571428571429, 0.8821428571428571, 1.05, 1.1964285714285714, 1.3607142857142858, 1.4785714285714284, 1.5785714285714285, 2.0821428571428573, 1.7678571428571428], 
"y": [0.9194029850746269, 0.6477611940298508, 0.5701492537313433, 0.5014925373134328, 0.4925373134328358, 0.41492537313432837, 0.3701492537313433, 0.3402985074626866, 0.3164179104477612, 0.3492537313432836, 0.44477611940298506, 0.49850746268656715]}