{"x": [20.0, 23.5, 27.0, 30.5, 33.6, 37.0, 40.0], 
"y": [3.390862944162437, 3.309644670050762, 3.16751269035533, 3.065989847715736, 3.035532994923858, 2.8934010152284264, 2.730964467005076]}